-- MySQL dump 10.13  Distrib 5.7.24, for Linux (x86_64)
--
-- Host: localhost    Database: laravel
-- ------------------------------------------------------
-- Server version	5.7.24-0ubuntu0.18.04.1

/*!40101 SET @OLD_CHARACTER_SET_CLIENT=@@CHARACTER_SET_CLIENT */;
/*!40101 SET @OLD_CHARACTER_SET_RESULTS=@@CHARACTER_SET_RESULTS */;
/*!40101 SET @OLD_COLLATION_CONNECTION=@@COLLATION_CONNECTION */;
/*!40101 SET NAMES utf8 */;
/*!40103 SET @OLD_TIME_ZONE=@@TIME_ZONE */;
/*!40103 SET TIME_ZONE='+00:00' */;
/*!40014 SET @OLD_UNIQUE_CHECKS=@@UNIQUE_CHECKS, UNIQUE_CHECKS=0 */;
/*!40014 SET @OLD_FOREIGN_KEY_CHECKS=@@FOREIGN_KEY_CHECKS, FOREIGN_KEY_CHECKS=0 */;
/*!40101 SET @OLD_SQL_MODE=@@SQL_MODE, SQL_MODE='NO_AUTO_VALUE_ON_ZERO' */;
/*!40111 SET @OLD_SQL_NOTES=@@SQL_NOTES, SQL_NOTES=0 */;

--
-- Table structure for table `boards`
--

DROP TABLE IF EXISTS `boards`;
/*!40101 SET @saved_cs_client     = @@character_set_client */;
/*!40101 SET character_set_client = utf8 */;
CREATE TABLE `boards` (
  `id` int(10) unsigned NOT NULL AUTO_INCREMENT,
  `created_at` timestamp NULL DEFAULT NULL,
  `updated_at` timestamp NULL DEFAULT NULL,
  PRIMARY KEY (`id`)
) ENGINE=InnoDB AUTO_INCREMENT=2 DEFAULT CHARSET=utf8mb4 COLLATE=utf8mb4_unicode_ci;
/*!40101 SET character_set_client = @saved_cs_client */;

--
-- Dumping data for table `boards`
--

LOCK TABLES `boards` WRITE;
/*!40000 ALTER TABLE `boards` DISABLE KEYS */;
INSERT INTO `boards` VALUES (1,'2019-01-09 13:46:54','2019-01-09 13:46:54');
/*!40000 ALTER TABLE `boards` ENABLE KEYS */;
UNLOCK TABLES;

--
-- Table structure for table `boards_modules`
--

DROP TABLE IF EXISTS `boards_modules`;
/*!40101 SET @saved_cs_client     = @@character_set_client */;
/*!40101 SET character_set_client = utf8 */;
CREATE TABLE `boards_modules` (
  `id` int(10) unsigned NOT NULL AUTO_INCREMENT,
  `id_board` int(10) unsigned NOT NULL,
  `id_module` int(10) unsigned NOT NULL,
  PRIMARY KEY (`id`),
  KEY `boards_modules_id_board_foreign` (`id_board`),
  KEY `boards_modules_id_module_foreign` (`id_module`),
  CONSTRAINT `boards_modules_id_board_foreign` FOREIGN KEY (`id_board`) REFERENCES `boards` (`id`),
  CONSTRAINT `boards_modules_id_module_foreign` FOREIGN KEY (`id_module`) REFERENCES `modules` (`id`)
) ENGINE=InnoDB AUTO_INCREMENT=4 DEFAULT CHARSET=utf8mb4 COLLATE=utf8mb4_unicode_ci;
/*!40101 SET character_set_client = @saved_cs_client */;

--
-- Dumping data for table `boards_modules`
--

LOCK TABLES `boards_modules` WRITE;
/*!40000 ALTER TABLE `boards_modules` DISABLE KEYS */;
INSERT INTO `boards_modules` VALUES (1,1,1),(2,1,2),(3,1,3);
/*!40000 ALTER TABLE `boards_modules` ENABLE KEYS */;
UNLOCK TABLES;

--
-- Table structure for table `games`
--

DROP TABLE IF EXISTS `games`;
/*!40101 SET @saved_cs_client     = @@character_set_client */;
/*!40101 SET character_set_client = utf8 */;
CREATE TABLE `games` (
  `id` int(10) unsigned NOT NULL AUTO_INCREMENT,
  `created_at` timestamp NULL DEFAULT NULL,
  `updated_at` timestamp NULL DEFAULT NULL,
  `id_board` int(10) unsigned NOT NULL,
  `status` varchar(255) COLLATE utf8mb4_unicode_ci NOT NULL,
  `id_user` int(10) unsigned NOT NULL,
  PRIMARY KEY (`id`),
  KEY `games_id_board_foreign` (`id_board`),
  CONSTRAINT `games_id_board_foreign` FOREIGN KEY (`id_board`) REFERENCES `boards` (`id`)
) ENGINE=InnoDB AUTO_INCREMENT=183 DEFAULT CHARSET=utf8mb4 COLLATE=utf8mb4_unicode_ci;
/*!40101 SET character_set_client = @saved_cs_client */;

--
-- Dumping data for table `games`
--

LOCK TABLES `games` WRITE;
/*!40000 ALTER TABLE `games` DISABLE KEYS */;
INSERT INTO `games` VALUES (150,'2019-01-15 16:15:05','2019-01-15 16:16:25',1,'finished',1),(151,'2019-01-15 16:21:11','2019-01-15 16:23:39',1,'aborted',1),(152,'2019-01-16 08:21:07','2019-01-16 08:21:33',1,'finished',1),(153,'2019-01-16 08:21:46','2019-01-16 08:21:51',1,'finished',1),(154,'2019-01-16 08:22:15','2019-01-16 08:23:57',1,'finished',1),(155,'2019-01-16 08:24:11','2019-01-16 08:24:26',1,'finished',1),(156,'2019-01-16 08:24:53','2019-01-16 08:25:01',1,'finished',1),(157,'2019-01-16 08:40:03','2019-01-16 08:42:42',1,'finished',1),(158,'2019-01-16 08:42:58','2019-01-16 09:36:22',1,'aborted',1),(159,'2019-01-16 09:36:24','2019-01-16 09:37:04',1,'aborted',1),(160,'2019-01-16 09:38:58','2019-01-16 09:40:34',1,'aborted',1),(161,'2019-01-16 09:40:42','2019-01-16 09:41:39',1,'aborted',1),(162,'2019-01-16 09:43:23','2019-01-16 09:44:47',1,'aborted',1),(163,'2019-01-16 09:45:02','2019-01-16 09:47:20',1,'aborted',1),(164,'2019-01-16 09:47:22','2019-01-16 09:57:16',1,'aborted',1),(165,'2019-01-16 10:03:16','2019-01-16 10:04:19',1,'finished',1),(166,'2019-01-16 10:26:08','2019-01-16 10:44:25',1,'aborted',1),(167,'2019-01-16 10:44:29','2019-01-16 10:55:27',1,'aborted',1),(168,'2019-01-16 10:55:28','2019-01-16 10:56:03',1,'aborted',1),(169,'2019-01-16 10:56:07','2019-01-16 10:56:14',1,'aborted',1),(170,'2019-01-16 10:58:41','2019-01-16 10:58:56',1,'aborted',1),(171,'2019-01-16 10:59:00','2019-01-16 10:59:37',1,'aborted',1),(172,'2019-01-16 10:59:45','2019-01-16 11:00:22',1,'aborted',1),(173,'2019-01-16 11:00:25','2019-01-16 11:00:47',1,'aborted',1),(174,'2019-01-16 11:00:51','2019-01-16 11:01:18',1,'aborted',1),(175,'2019-01-16 11:01:27','2019-01-16 11:01:55',1,'aborted',1),(176,'2019-01-16 11:01:57','2019-01-16 11:02:12',1,'aborted',1),(177,'2019-01-16 11:02:13','2019-01-16 11:02:38',1,'aborted',1),(178,'2019-01-16 11:02:40','2019-01-16 11:03:02',1,'aborted',1),(179,'2019-01-16 11:03:03','2019-01-16 11:04:37',1,'aborted',1),(180,'2019-01-16 11:04:39','2019-01-16 13:14:24',1,'aborted',1),(181,'2019-01-16 13:14:47','2019-01-16 13:14:57',1,'aborted',1),(182,'2019-01-16 13:15:13','2019-01-16 13:15:21',1,'aborted',1);
/*!40000 ALTER TABLE `games` ENABLE KEYS */;
UNLOCK TABLES;

--
-- Table structure for table `games_options`
--

DROP TABLE IF EXISTS `games_options`;
/*!40101 SET @saved_cs_client     = @@character_set_client */;
/*!40101 SET character_set_client = utf8 */;
CREATE TABLE `games_options` (
  `id` int(10) unsigned NOT NULL AUTO_INCREMENT,
  `id_game` int(10) unsigned NOT NULL,
  `id_option` int(10) unsigned NOT NULL,
  `value` varchar(255) COLLATE utf8mb4_unicode_ci NOT NULL,
  PRIMARY KEY (`id`),
  KEY `games_options_id_game_foreign` (`id_game`),
  KEY `games_options_id_option_foreign` (`id_option`),
  CONSTRAINT `games_options_id_game_foreign` FOREIGN KEY (`id_game`) REFERENCES `games` (`id`),
  CONSTRAINT `games_options_id_option_foreign` FOREIGN KEY (`id_option`) REFERENCES `options` (`id`)
) ENGINE=InnoDB AUTO_INCREMENT=411 DEFAULT CHARSET=utf8mb4 COLLATE=utf8mb4_unicode_ci;
/*!40101 SET character_set_client = @saved_cs_client */;

--
-- Dumping data for table `games_options`
--

LOCK TABLES `games_options` WRITE;
/*!40000 ALTER TABLE `games_options` DISABLE KEYS */;
INSERT INTO `games_options` VALUES (312,150,1,'150'),(313,150,2,'5'),(314,150,3,'3'),(315,151,1,'150'),(316,151,2,'5'),(317,151,3,'3'),(318,152,1,'60'),(319,152,2,'3'),(320,152,3,'1'),(321,153,1,'60'),(322,153,2,'3'),(323,153,3,'1'),(324,154,1,'60'),(325,154,2,'3'),(326,154,3,'3'),(327,155,1,'60'),(328,155,2,'3'),(329,155,3,'3'),(330,156,1,'60'),(331,156,2,'7'),(332,156,3,'3'),(333,157,1,'60'),(334,157,2,'7'),(335,157,3,'3'),(336,158,1,'60'),(337,158,2,'7'),(338,158,3,'3'),(339,159,1,'60'),(340,159,2,'7'),(341,159,3,'3'),(342,160,1,'60'),(343,160,2,'3'),(344,160,3,'1'),(345,161,1,'60'),(346,161,2,'3'),(347,161,3,'1'),(348,162,1,'150'),(349,162,2,'5'),(350,162,3,'3'),(351,163,1,'150'),(352,163,2,'5'),(353,163,3,'3'),(354,164,1,'150'),(355,164,2,'5'),(356,164,3,'3'),(357,165,1,'60'),(358,165,2,'3'),(359,165,3,'1'),(360,166,1,'60'),(361,166,2,'3'),(362,166,3,'1'),(363,167,1,'150'),(364,167,2,'5'),(365,167,3,'3'),(366,168,1,'150'),(367,168,2,'5'),(368,168,3,'3'),(369,169,1,'150'),(370,169,2,'5'),(371,169,3,'3'),(372,170,1,'150'),(373,170,2,'5'),(374,170,3,'3'),(375,171,1,'150'),(376,171,2,'5'),(377,171,3,'3'),(378,172,1,'150'),(379,172,2,'5'),(380,172,3,'3'),(381,173,1,'150'),(382,173,2,'5'),(383,173,3,'3'),(384,174,1,'150'),(385,174,2,'5'),(386,174,3,'3'),(387,175,1,'150'),(388,175,2,'5'),(389,175,3,'3'),(390,176,1,'150'),(391,176,2,'5'),(392,176,3,'3'),(393,177,1,'150'),(394,177,2,'5'),(395,177,3,'3'),(396,178,1,'150'),(397,178,2,'5'),(398,178,3,'3'),(399,179,1,'150'),(400,179,2,'5'),(401,179,3,'3'),(402,180,1,'150'),(403,180,2,'5'),(404,180,3,'3'),(405,181,1,'150'),(406,181,2,'5'),(407,181,3,'3'),(408,182,1,'150'),(409,182,2,'5'),(410,182,3,'3');
/*!40000 ALTER TABLE `games_options` ENABLE KEYS */;
UNLOCK TABLES;

--
-- Table structure for table `games_rule_sets`
--

DROP TABLE IF EXISTS `games_rule_sets`;
/*!40101 SET @saved_cs_client     = @@character_set_client */;
/*!40101 SET character_set_client = utf8 */;
CREATE TABLE `games_rule_sets` (
  `id` int(10) unsigned NOT NULL AUTO_INCREMENT,
  `id_rule_set` int(10) unsigned NOT NULL,
  `id_game` int(10) unsigned NOT NULL,
  `solved` tinyint(4) NOT NULL,
  `correct` tinyint(4) NOT NULL,
  PRIMARY KEY (`id`),
  KEY `modules_rule_sets_solutions_games_id_m_cc_s_foreign` (`id_rule_set`),
  KEY `modules_rule_sets_solutions_games_id_game_foreign` (`id_game`),
  CONSTRAINT `modules_rule_sets_solutions_games_id_game_foreign` FOREIGN KEY (`id_game`) REFERENCES `games` (`id`)
) ENGINE=InnoDB AUTO_INCREMENT=637 DEFAULT CHARSET=utf8mb4 COLLATE=utf8mb4_unicode_ci;
/*!40101 SET character_set_client = @saved_cs_client */;

--
-- Dumping data for table `games_rule_sets`
--

LOCK TABLES `games_rule_sets` WRITE;
/*!40000 ALTER TABLE `games_rule_sets` DISABLE KEYS */;
INSERT INTO `games_rule_sets` VALUES (480,11,150,1,1),(481,6,150,1,1),(482,9,150,1,1),(483,5,150,1,1),(484,13,150,1,1),(485,8,151,1,1),(486,12,151,1,1),(487,5,151,1,0),(488,11,151,1,0),(489,1,151,0,0),(490,16,152,1,1),(491,13,152,1,1),(492,6,152,1,0),(493,12,153,1,0),(494,6,153,0,0),(495,15,153,0,0),(496,16,154,1,0),(497,9,154,1,0),(498,6,154,1,0),(499,9,155,1,1),(500,11,155,1,1),(501,16,155,1,0),(502,1,156,1,0),(503,17,156,1,0),(504,5,156,1,0),(505,13,156,0,0),(506,8,156,0,0),(507,7,156,0,0),(508,14,156,0,0),(509,9,157,1,0),(510,11,157,1,0),(511,8,157,1,1),(512,1,157,1,0),(513,16,157,0,0),(514,15,157,0,0),(515,5,157,0,0),(516,7,158,1,1),(517,8,158,1,1),(518,17,158,0,0),(519,12,158,0,0),(520,16,158,0,0),(521,1,158,0,0),(522,5,158,0,0),(523,13,159,1,0),(524,17,159,0,0),(525,1,159,0,0),(526,5,159,0,0),(527,12,159,0,0),(528,14,159,0,0),(529,7,159,0,0),(530,7,160,1,0),(531,13,160,0,0),(532,14,160,0,0),(533,8,161,1,1),(534,12,161,0,0),(535,5,161,0,0),(536,6,162,1,0),(537,15,162,0,0),(538,7,162,0,0),(539,1,162,0,0),(540,5,162,0,0),(541,12,163,1,1),(542,5,163,0,0),(543,13,163,0,0),(544,6,163,0,0),(545,8,163,0,0),(546,9,164,0,0),(547,8,164,0,0),(548,15,164,0,0),(549,6,164,0,0),(550,16,164,0,0),(551,7,165,1,0),(552,16,165,0,0),(553,6,165,0,0),(554,9,166,0,0),(555,12,166,0,0),(556,6,166,0,0),(557,8,167,1,0),(558,7,167,1,0),(559,12,167,0,0),(560,11,167,0,0),(561,16,167,0,0),(562,17,168,0,0),(563,6,168,0,0),(564,16,168,0,0),(565,11,168,0,0),(566,13,168,0,0),(567,11,169,0,0),(568,5,169,0,0),(569,15,169,0,0),(570,14,169,0,0),(571,16,169,0,0),(572,1,170,0,0),(573,7,170,0,0),(574,9,170,0,0),(575,11,170,0,0),(576,13,170,0,0),(577,8,171,0,0),(578,9,171,0,0),(579,14,171,0,0),(580,12,171,0,0),(581,16,171,0,0),(582,5,172,0,0),(583,12,172,0,0),(584,15,172,0,0),(585,17,172,0,0),(586,11,172,0,0),(587,7,173,0,0),(588,13,173,0,0),(589,6,173,0,0),(590,11,173,0,0),(591,16,173,0,0),(592,14,174,0,0),(593,11,174,0,0),(594,1,174,0,0),(595,7,174,0,0),(596,15,174,0,0),(597,13,175,0,0),(598,7,175,0,0),(599,15,175,0,0),(600,12,175,0,0),(601,16,175,0,0),(602,1,176,0,0),(603,6,176,0,0),(604,17,176,0,0),(605,13,176,0,0),(606,7,176,0,0),(607,11,177,0,0),(608,13,177,0,0),(609,17,177,0,0),(610,5,177,0,0),(611,1,177,0,0),(612,15,178,0,0),(613,14,178,0,0),(614,12,178,0,0),(615,6,178,0,0),(616,1,178,0,0),(617,1,179,0,0),(618,11,179,0,0),(619,12,179,0,0),(620,7,179,0,0),(621,15,179,0,0),(622,11,180,0,0),(623,9,180,0,0),(624,16,180,0,0),(625,15,180,0,0),(626,14,180,0,0),(627,6,181,0,0),(628,1,181,0,0),(629,15,181,0,0),(630,17,181,0,0),(631,5,181,0,0),(632,7,182,0,0),(633,15,182,0,0),(634,12,182,0,0),(635,13,182,0,0),(636,6,182,0,0);
/*!40000 ALTER TABLE `games_rule_sets` ENABLE KEYS */;
UNLOCK TABLES;

--
-- Table structure for table `migrations`
--

DROP TABLE IF EXISTS `migrations`;
/*!40101 SET @saved_cs_client     = @@character_set_client */;
/*!40101 SET character_set_client = utf8 */;
CREATE TABLE `migrations` (
  `id` int(10) unsigned NOT NULL AUTO_INCREMENT,
  `migration` varchar(255) COLLATE utf8mb4_unicode_ci NOT NULL,
  `batch` int(11) NOT NULL,
  PRIMARY KEY (`id`)
) ENGINE=InnoDB AUTO_INCREMENT=24 DEFAULT CHARSET=utf8mb4 COLLATE=utf8mb4_unicode_ci;
/*!40101 SET character_set_client = @saved_cs_client */;

--
-- Dumping data for table `migrations`
--

LOCK TABLES `migrations` WRITE;
/*!40000 ALTER TABLE `migrations` DISABLE KEYS */;
INSERT INTO `migrations` VALUES (1,'2014_10_12_000000_create_users_table',1),(2,'2014_10_12_100000_create_password_resets_table',1),(3,'2016_06_01_000001_create_oauth_auth_codes_table',1),(4,'2016_06_01_000002_create_oauth_access_tokens_table',1),(5,'2016_06_01_000003_create_oauth_refresh_tokens_table',1),(6,'2016_06_01_000004_create_oauth_clients_table',1),(7,'2016_06_01_000005_create_oauth_personal_access_clients_table',1),(8,'2018_12_20_152919_board',1),(9,'2018_12_20_153958_game',1),(10,'2018_12_20_154944_options',1),(11,'2018_12_20_154959_module',1),(12,'2018_12_20_155018_rule__set',1),(13,'2018_12_20_155037_solution',1),(14,'2018_12_20_155051_b__m',1),(15,'2018_12_20_155111_m__c_c__s',1),(16,'2018_12_20_155222_g__r_s',1),(17,'2018_12_20_155332_g__o',1),(20,'2018_12_21_091316_m__c_c__s__g',2),(21,'2019_01_09_162441_games_users',2),(23,'2019_01_09_164012_rule_set_game',3);
/*!40000 ALTER TABLE `migrations` ENABLE KEYS */;
UNLOCK TABLES;

--
-- Table structure for table `modules`
--

DROP TABLE IF EXISTS `modules`;
/*!40101 SET @saved_cs_client     = @@character_set_client */;
/*!40101 SET character_set_client = utf8 */;
CREATE TABLE `modules` (
  `id` int(10) unsigned NOT NULL AUTO_INCREMENT,
  `created_at` timestamp NULL DEFAULT NULL,
  `updated_at` timestamp NULL DEFAULT NULL,
  `name` varchar(255) COLLATE utf8mb4_unicode_ci NOT NULL,
  `is_analog` tinyint(4) NOT NULL,
  `range_min` int(11) DEFAULT NULL,
  `range_max` int(11) DEFAULT NULL,
  PRIMARY KEY (`id`)
) ENGINE=InnoDB AUTO_INCREMENT=4 DEFAULT CHARSET=utf8mb4 COLLATE=utf8mb4_unicode_ci;
/*!40101 SET character_set_client = @saved_cs_client */;

--
-- Dumping data for table `modules`
--

LOCK TABLES `modules` WRITE;
/*!40000 ALTER TABLE `modules` DISABLE KEYS */;
INSERT INTO `modules` VALUES (1,'2019-01-09 13:55:49','2019-01-09 13:55:49','button',1,NULL,NULL),(2,'2019-01-10 09:26:00','2019-01-10 09:26:00','button',1,NULL,NULL),(3,'2019-01-10 09:26:05','2019-01-10 09:26:05','button',1,NULL,NULL);
/*!40000 ALTER TABLE `modules` ENABLE KEYS */;
UNLOCK TABLES;

--
-- Table structure for table `modules_rule_sets_solutions`
--

DROP TABLE IF EXISTS `modules_rule_sets_solutions`;
/*!40101 SET @saved_cs_client     = @@character_set_client */;
/*!40101 SET character_set_client = utf8 */;
CREATE TABLE `modules_rule_sets_solutions` (
  `id` int(10) unsigned NOT NULL AUTO_INCREMENT,
  `id_module` int(10) unsigned NOT NULL,
  `id_solution` int(10) unsigned NOT NULL,
  `id_rule_set` int(10) unsigned NOT NULL,
  PRIMARY KEY (`id`),
  KEY `modules_rule_sets_solutions_id_module_foreign` (`id_module`),
  KEY `modules_rule_sets_solutions_id_solution_foreign` (`id_solution`),
  KEY `modules_rule_sets_solutions_id_rule_set_foreign` (`id_rule_set`),
  CONSTRAINT `modules_rule_sets_solutions_id_module_foreign` FOREIGN KEY (`id_module`) REFERENCES `modules` (`id`),
  CONSTRAINT `modules_rule_sets_solutions_id_rule_set_foreign` FOREIGN KEY (`id_rule_set`) REFERENCES `rule_sets` (`id`),
  CONSTRAINT `modules_rule_sets_solutions_id_solution_foreign` FOREIGN KEY (`id_solution`) REFERENCES `solutions` (`id`)
) ENGINE=InnoDB AUTO_INCREMENT=43 DEFAULT CHARSET=utf8mb4 COLLATE=utf8mb4_unicode_ci;
/*!40101 SET character_set_client = @saved_cs_client */;

--
-- Dumping data for table `modules_rule_sets_solutions`
--

LOCK TABLES `modules_rule_sets_solutions` WRITE;
/*!40000 ALTER TABLE `modules_rule_sets_solutions` DISABLE KEYS */;
INSERT INTO `modules_rule_sets_solutions` VALUES (1,1,1,1),(2,2,1,1),(3,3,2,1),(4,1,1,5),(5,1,1,6),(6,1,1,7),(7,1,1,5),(8,1,2,5),(9,1,2,6),(10,1,1,6),(11,1,2,7),(12,1,2,7),(13,1,2,8),(14,2,4,8),(15,3,5,8),(16,1,2,9),(17,2,3,9),(18,3,5,9),(22,1,1,11),(23,2,3,11),(24,3,5,11),(25,1,2,12),(26,2,3,12),(27,3,6,12),(28,1,1,13),(29,2,4,13),(30,3,6,13),(31,1,2,14),(32,2,4,14),(33,3,5,14),(34,1,1,15),(35,2,3,15),(36,3,6,15),(37,1,1,16),(38,2,3,16),(39,3,5,16),(40,1,2,17),(41,2,3,17),(42,3,4,17);
/*!40000 ALTER TABLE `modules_rule_sets_solutions` ENABLE KEYS */;
UNLOCK TABLES;

--
-- Table structure for table `oauth_access_tokens`
--

DROP TABLE IF EXISTS `oauth_access_tokens`;
/*!40101 SET @saved_cs_client     = @@character_set_client */;
/*!40101 SET character_set_client = utf8 */;
CREATE TABLE `oauth_access_tokens` (
  `id` varchar(100) COLLATE utf8mb4_unicode_ci NOT NULL,
  `user_id` int(11) DEFAULT NULL,
  `client_id` int(11) NOT NULL,
  `name` varchar(255) COLLATE utf8mb4_unicode_ci DEFAULT NULL,
  `scopes` text COLLATE utf8mb4_unicode_ci,
  `revoked` tinyint(1) NOT NULL,
  `created_at` timestamp NULL DEFAULT NULL,
  `updated_at` timestamp NULL DEFAULT NULL,
  `expires_at` datetime DEFAULT NULL,
  PRIMARY KEY (`id`),
  KEY `oauth_access_tokens_user_id_index` (`user_id`)
) ENGINE=InnoDB DEFAULT CHARSET=utf8mb4 COLLATE=utf8mb4_unicode_ci;
/*!40101 SET character_set_client = @saved_cs_client */;

--
-- Dumping data for table `oauth_access_tokens`
--

LOCK TABLES `oauth_access_tokens` WRITE;
/*!40000 ALTER TABLE `oauth_access_tokens` DISABLE KEYS */;
INSERT INTO `oauth_access_tokens` VALUES ('0028ac96f059377a667ec24c43b98aa5631e27ad7df1f06706ed73f92defd732fbcfaa9f4b00caea',1,1,NULL,'[\"*\"]',0,'2019-01-10 08:48:30','2019-01-10 08:48:30','2020-01-10 08:48:30'),('004b5276211991fe33110e1048e7cdeb216621307438a623ac4124f58c7bb52de0b81ff1475ff4c7',1,1,NULL,'[\"*\"]',0,'2019-01-14 09:49:20','2019-01-14 09:49:20','2020-01-14 09:49:20'),('00f18e740f2ff724b8954072755ce36adacda541cfe0d028b9520dd53f0dcbedfc0639af82f80cb5',1,1,NULL,'[\"*\"]',0,'2019-01-11 08:43:49','2019-01-11 08:43:49','2020-01-11 08:43:49'),('0149d364d9c94cd6c83c1db5d5d1e1f12ce712f5ba14b12937856d45e4b03dcd91693c81c73ac215',1,1,NULL,'[\"*\"]',0,'2019-01-16 10:32:52','2019-01-16 10:32:52','2020-01-16 10:32:52'),('03f983f09cff065d06181f3914907b2702062d2e2d5b2a55b10b1ecfd57c9db36b06756da3bdbd38',1,1,NULL,'[\"*\"]',0,'2019-01-10 10:48:09','2019-01-10 10:48:09','2020-01-10 10:48:09'),('06ce61cb53a0ed34698ba247ec8f492e73b7e10e7533bae60c825292d3bc02e9ea80d6faa4514a63',1,1,NULL,'[\"*\"]',0,'2019-01-10 09:59:03','2019-01-10 09:59:03','2020-01-10 09:59:03'),('0855909de2e8914862107d280f0dec76697025a0acba7e20d78863194ab0d9ee2860f50a3db4b896',1,1,NULL,'[\"*\"]',0,'2019-01-10 10:47:21','2019-01-10 10:47:21','2020-01-10 10:47:21'),('0905fa95661398828fd6dee6463d0373675dcdaccc81d872b53908790c42bb2f561fd3a7ce7565c2',1,1,NULL,'[\"*\"]',0,'2019-01-10 14:06:16','2019-01-10 14:06:16','2020-01-10 14:06:16'),('0c913b35618f1e682355e67420a782f284d0cb7a8bdd4684befafa6fcad83564ac0f577dd3c5ffb4',1,1,NULL,'[\"*\"]',0,'2019-01-16 08:15:36','2019-01-16 08:15:36','2020-01-16 08:15:36'),('0e737b90cc2d57047c6c0e3e8167ce8cbfcd991c5df80515488507339ec3c0e74156506c0e5ebbd8',1,1,NULL,'[\"*\"]',0,'2019-01-14 09:52:36','2019-01-14 09:52:36','2020-01-14 09:52:36'),('10e83decceacf898ec77d13e83ed663536185c861340322177dc27fa2fdff62cc3a6b163338879c8',1,1,NULL,'[\"*\"]',0,'2019-01-16 10:54:21','2019-01-16 10:54:21','2020-01-16 10:54:21'),('1116837a80ef7bd4ba1268265eec86d1ca2396e340aac784745efb3b377d7b0ac771a9c3e7f4f1f2',1,1,NULL,'[\"*\"]',0,'2019-01-10 10:24:55','2019-01-10 10:24:55','2020-01-10 10:24:55'),('11627547c8e04e8f8cc65851d7ffa0f661c706b65eb5671b289e70acd85127afe859277a805ff657',1,1,NULL,'[\"*\"]',0,'2019-01-15 16:46:41','2019-01-15 16:46:41','2020-01-15 16:46:41'),('11b1e20bd66b25f3a14a6de6b53396fc0d0c190037fa52b8f621b4a9a7e3f283582e8cb1d63359e7',1,1,NULL,'[\"*\"]',0,'2019-01-10 10:57:28','2019-01-10 10:57:28','2020-01-10 10:57:28'),('12d626338c4f33da69e1733a00d117c64f404093e1464d8c20545846fc26654410f121ee5d04f152',1,1,NULL,'[\"*\"]',0,'2019-01-11 09:16:25','2019-01-11 09:16:25','2020-01-11 09:16:25'),('1350600bab2d5e04d848c7adfb74f262a8d79921bf1e1bb0e2ffc33360c96b6abd5fbc3e3ee3b6b8',1,1,NULL,'[\"*\"]',0,'2019-01-10 10:14:00','2019-01-10 10:14:00','2020-01-10 10:14:00'),('138c21cb30bfa6ce224115f47d51d6b7a4951ee681c7fbd89cfea0a22d9ea5404543513f396ad5f9',1,1,NULL,'[\"*\"]',0,'2019-01-16 09:37:30','2019-01-16 09:37:30','2020-01-16 09:37:30'),('14cae20076dc6ecac7b851538a0a3fb7080ed5873aac5daf12ba8e5c9779b9e81943ef0eacac1ce6',1,1,NULL,'[\"*\"]',0,'2019-01-10 09:52:17','2019-01-10 09:52:17','2020-01-10 09:52:17'),('14f9d48a321a89866592029b356200cccd480076184a50830819de092cfe8aa5e3b74eba4e791e76',1,1,NULL,'[\"*\"]',0,'2019-01-16 08:15:46','2019-01-16 08:15:46','2020-01-16 08:15:46'),('188f00b6da0da8e06e493e14ecf710b41e6d627e06dc218777e2764cef43dc8da1e22ecba72b68b8',1,1,NULL,'[\"*\"]',0,'2019-01-11 08:50:04','2019-01-11 08:50:04','2020-01-11 08:50:04'),('18ed41136cbbd78c968f8f81719aa302b9863a0d45e5fa31e830c7b96a35bbad9c8d5fd1a921efe6',1,1,NULL,'[\"*\"]',0,'2019-01-16 08:21:42','2019-01-16 08:21:42','2020-01-16 08:21:42'),('1cbfaa379cd4c02bfffe4b54914c688e418cbe7e8aef84058ba9043891b880d3b4f37ad1aa0f7cd3',1,1,NULL,'[\"*\"]',0,'2019-01-16 11:29:11','2019-01-16 11:29:11','2020-01-16 11:29:11'),('265e8b8827658e50b134a757e4ed3c55f03998d72023cdc2ecda39051d1fa31c67efb79308ce3f58',1,1,NULL,'[\"*\"]',0,'2019-01-10 09:26:41','2019-01-10 09:26:41','2020-01-10 09:26:41'),('27a395338ec5f98d15b8d3aa58808b768d9211405140e79547d6ec78e3003309874ed8e595c2b56a',1,1,NULL,'[\"*\"]',0,'2019-01-14 15:03:12','2019-01-14 15:03:12','2020-01-14 15:03:12'),('27d5951ee030d8c8ed8cb2cae2016a38008bb2690dfd67a66857981c130cb9f7b863d5625623d887',1,1,NULL,'[\"*\"]',0,'2019-01-10 10:25:40','2019-01-10 10:25:40','2020-01-10 10:25:40'),('2a6c310335186bba1e8471febed4618db28947d2b0672c2dd2352506d17b4bff04e8484ae30e1dac',1,1,NULL,'[\"*\"]',0,'2019-01-14 10:18:13','2019-01-14 10:18:13','2020-01-14 10:18:13'),('2b902f9e8aaae3e2b8f51d8f5c3b4e3a74e3fd44e602b4ff493b300ed61dbb1e86d568ff8ff76470',1,1,NULL,'[\"*\"]',0,'2019-01-11 08:46:36','2019-01-11 08:46:36','2020-01-11 08:46:36'),('2bfcc7a313840e6f6955462f5d343c6b1224daa27d8049b09c23b7454fa70e2471d9b09d415b488f',1,1,NULL,'[\"*\"]',0,'2019-01-11 08:40:33','2019-01-11 08:40:33','2020-01-11 08:40:33'),('2d0409664821c54b8d68995676a16e21cfbaa5be6da7949931512e9ecda7ef014455504871b35649',1,1,NULL,'[\"*\"]',0,'2019-01-16 10:33:05','2019-01-16 10:33:05','2020-01-16 10:33:05'),('2d199bd46a82ce136e6c42df61a2362019dda5ffff10d173aee3dfeeff07d532ee1f7f6bbcff0d98',1,1,NULL,'[\"*\"]',0,'2019-01-10 13:56:53','2019-01-10 13:56:53','2020-01-10 13:56:53'),('2d613e756374b08db9ea0fa04acc03be47ad743aea6d5026f4271188ea4bdbb5220e421bc91e4eed',1,1,NULL,'[\"*\"]',0,'2019-01-10 10:30:37','2019-01-10 10:30:37','2020-01-10 10:30:37'),('2e8a880ccd690277a8ed43dc711725497f124dd892f14090747f61e2af14cf49923d8d2399990ee4',1,1,NULL,'[\"*\"]',0,'2019-01-16 11:01:51','2019-01-16 11:01:51','2020-01-16 11:01:51'),('326740fbfc8b7a0254581feb4d2daefa51ec0d8d4bdd0104aee03d331097c620fd8824ba752e648f',1,1,NULL,'[\"*\"]',0,'2019-01-14 15:38:41','2019-01-14 15:38:41','2020-01-14 15:38:41'),('35a9da9803adb0f08db3ef1d1c1df131541c3b44c9fac333fe6931b2798c321f821f0568b38efd93',1,1,NULL,'[\"*\"]',0,'2019-01-10 09:58:53','2019-01-10 09:58:53','2020-01-10 09:58:53'),('35c3ae633b5b509cabc67ec5ec61f383079bb02b0058f69bf4f8e827d59c47dfc9caf833056d9299',1,1,NULL,'[\"*\"]',0,'2019-01-16 11:22:31','2019-01-16 11:22:31','2020-01-16 11:22:31'),('37a2fabb96042396d94fee6284bd1ed89cac315038380cffc04cc1d054896dc2eca66eee9935c014',1,1,NULL,'[\"*\"]',0,'2019-01-10 09:31:28','2019-01-10 09:31:28','2020-01-10 09:31:28'),('380b33f3d8e272d379ef5cf5f3e5bc84aa02a802c42cad2947bc8ad03b4b5624dcedec20ecfe2b8a',1,1,NULL,'[\"*\"]',0,'2019-01-10 09:33:46','2019-01-10 09:33:46','2020-01-10 09:33:46'),('3a9098cd64dd550b9c19b3126cc964e1440f5146e4a8d3cdac9becab80c14865d90ff4bbe0c5becc',1,1,NULL,'[\"*\"]',0,'2019-01-14 10:20:31','2019-01-14 10:20:31','2020-01-14 10:20:31'),('3c6a9112382063625bea987bdb10959aec7b6b4cc31e7c4ba40951879a46f800914b7eda82415e8a',1,1,NULL,'[\"*\"]',0,'2019-01-10 09:47:36','2019-01-10 09:47:36','2020-01-10 09:47:36'),('3d1257d104a6b1ec665c8d8e6cde3cc5327294974873a1b305bfb2e501031af240e17a6f9d5b7c66',1,1,NULL,'[\"*\"]',0,'2019-01-16 11:25:18','2019-01-16 11:25:18','2020-01-16 11:25:18'),('412ae2ffabd53a29f28f78c04f79c156543d0eb9eb1592b9f59491289891ae196c11dbfd9ed4d0ea',1,1,NULL,'[\"*\"]',0,'2019-01-11 09:20:02','2019-01-11 09:20:02','2020-01-11 09:20:02'),('418612e629876424c545865a2c86444f30015a4d16b7d142bcfd4a973b827a7e468c6946fff80c0c',1,1,NULL,'[\"*\"]',0,'2019-01-16 08:05:41','2019-01-16 08:05:41','2020-01-16 08:05:41'),('42a666cf0b3b3528a584abed1d2cdb4cc364736e23338b91168a66db3c312dccf2699c0b05a35527',1,1,NULL,'[\"*\"]',0,'2019-01-10 10:23:19','2019-01-10 10:23:19','2020-01-10 10:23:19'),('42f1acee16eaa12cd66603a0a176978b11772f693fb7bc6eb24d82b4785dc4a5212a4e87f86df4f4',1,1,NULL,'[\"*\"]',0,'2019-01-10 13:52:38','2019-01-10 13:52:38','2020-01-10 13:52:38'),('441ff9fc04f25bff97430f752fbc8d8ba9f5f69cea319654870f0aaa6de0d0cfe211cda365765bd1',1,1,NULL,'[\"*\"]',0,'2019-01-10 09:33:19','2019-01-10 09:33:19','2020-01-10 09:33:19'),('457820eb0075aaebad22090567e9f979fae57d725acf2769d981d84d081c88fce9c599003d32b716',1,1,NULL,'[\"*\"]',0,'2019-01-16 10:25:36','2019-01-16 10:25:36','2020-01-16 10:25:36'),('46db59c5196f24b23343cccb6e7feb51882c3159efb6f781c008780b9b37de4565df1f1071930c7a',1,1,NULL,'[\"*\"]',0,'2019-01-16 11:25:54','2019-01-16 11:25:54','2020-01-16 11:25:54'),('47af354115e41eea792bbfe65f0c343e1227e5fba0c6c616807c5377f04652bf09416090b77720e3',1,1,NULL,'[\"*\"]',0,'2019-01-16 09:35:59','2019-01-16 09:35:59','2020-01-16 09:35:59'),('495b271cf895ccdc5b3cb783dfd6d397370206e320c559d0f16100000a58f5c8f4bde686a3a5363b',1,1,NULL,'[\"*\"]',0,'2019-01-11 09:21:30','2019-01-11 09:21:30','2020-01-11 09:21:30'),('4c5916eb8338f1d1153efe49213f2c98c2d8c1eb81de45edbf41649bd6519269e1d12151f71b0ad5',1,1,NULL,'[\"*\"]',0,'2019-01-10 08:59:31','2019-01-10 08:59:31','2020-01-10 08:59:31'),('4c6e17b95c5d5a065fc8e340cede166047581d0573bfd8b16e919764b8690ca137b98abfb2e47c2d',1,1,NULL,'[\"*\"]',0,'2019-01-16 08:25:11','2019-01-16 08:25:11','2020-01-16 08:25:11'),('4cc94eb118f98c3c257d70f4a6e7d5d851fa14968d55451d1334a986706c7474e91f1617cea4dde6',1,1,NULL,'[\"*\"]',0,'2019-01-14 10:17:21','2019-01-14 10:17:21','2020-01-14 10:17:21'),('4d4630a55d099a487e863bfa49206cc230cdf98d25b797b0fd8343386b798b4fe8ea512d19b13a3f',1,1,NULL,'[\"*\"]',0,'2019-01-14 14:16:04','2019-01-14 14:16:04','2020-01-14 14:16:04'),('4e401bf5e78634a5ecf0d486d376c04832324cac5d114a4d021a3f46d0ac9bf8df0e3f3d6d20ded0',1,1,NULL,'[\"*\"]',0,'2019-01-11 08:58:04','2019-01-11 08:58:04','2020-01-11 08:58:04'),('4fa782030229b7578bd46ffbef5c1dc9abfc498c1f6a8024cf688080420f5e9d1c192ea0de48f38d',1,1,NULL,'[\"*\"]',0,'2019-01-16 10:25:38','2019-01-16 10:25:38','2020-01-16 10:25:38'),('4fe8b66327d0ba2d5298c28598472edab35f6f480fe11ced810d11c8cdc01a10c8d2e96c10664f74',1,1,NULL,'[\"*\"]',0,'2019-01-16 08:15:46','2019-01-16 08:15:46','2020-01-16 08:15:46'),('51ddbc1d2126951ab58f6e8a316e255d2aaaa4b0dc0eacc8acd8edcfe0dfb9fdb28c49613c85e196',1,1,NULL,'[\"*\"]',0,'2019-01-14 10:45:50','2019-01-14 10:45:50','2020-01-14 10:45:50'),('551fd52fa4e27fefd74e6b79d74f46e06352a33a033e301cc056b2a21fe6bc569c21d889073cd559',1,1,NULL,'[\"*\"]',0,'2019-01-16 09:31:55','2019-01-16 09:31:55','2020-01-16 09:31:55'),('55a720e137928dd4ade71b2803dbeb4e4145e043e1634815f341dd9f53085ccc33c9cd686253a991',1,1,NULL,'[\"*\"]',0,'2019-01-10 08:59:09','2019-01-10 08:59:09','2020-01-10 08:59:09'),('56076e01c585d014cb0b22efa10453b29ef6fb23a013c62968708dca22947d05d7bf24f51af81ec1',1,1,NULL,'[\"*\"]',0,'2019-01-14 10:14:41','2019-01-14 10:14:41','2020-01-14 10:14:41'),('57cf9e7eb58cbad7239ea94f33135b837ec95e876109600f2c5460d0b8d79b67015b524468241337',1,1,NULL,'[\"*\"]',0,'2019-01-16 10:34:15','2019-01-16 10:34:15','2020-01-16 10:34:15'),('59996d6a09203724c089cdca792a609899eb8bcf1fc65734b46a0d9a879454c3eb10543375985ed3',1,1,NULL,'[\"*\"]',0,'2019-01-14 09:32:57','2019-01-14 09:32:57','2020-01-14 09:32:57'),('59c4bc0d43fe8c20f892ee0161eb4bf10cb5fd999dafabfea363c6c5234bff4d725ef7f95be4819a',1,1,NULL,'[\"*\"]',0,'2019-01-10 10:50:35','2019-01-10 10:50:35','2020-01-10 10:50:35'),('5a86820095ee6afa5a6202da7800ca910bf5e19cc21d094445fd0b547b171a001b2dfa7acb1f004e',1,1,NULL,'[\"*\"]',0,'2019-01-15 16:39:39','2019-01-15 16:39:39','2020-01-15 16:39:39'),('5b63b52cd2aa9e6bf365fa352ab409ba33d872cb6c5b9d041179854fb8533b56768bbeb567e53460',1,1,NULL,'[\"*\"]',0,'2019-01-16 08:21:06','2019-01-16 08:21:06','2020-01-16 08:21:06'),('5b9bba73d651212d88cabf98316e93886021fcf619ee98bf817038d32346bb898407ff5ca2a64fff',1,1,NULL,'[\"*\"]',0,'2019-01-10 10:52:39','2019-01-10 10:52:39','2020-01-10 10:52:39'),('5c37f82c81f0aa68a91765d7d6d2c409528aec6177e2f1116767bda7808327bf1c3a2e14e5658432',1,1,NULL,'[\"*\"]',0,'2019-01-10 13:52:24','2019-01-10 13:52:24','2020-01-10 13:52:24'),('5ca272caf68cf93c3329b4951f66036bee338689ef955f44b38513fe493063ab39ee742507d1648d',1,1,NULL,'[\"*\"]',0,'2019-01-16 10:43:52','2019-01-16 10:43:52','2020-01-16 10:43:52'),('5f5c1f1364bf49056ceaf71e165949e869f947c1092ae1c9a5a54e273e2b4ce48fb4d41e6754c1d0',1,1,NULL,'[\"*\"]',0,'2019-01-11 08:56:11','2019-01-11 08:56:11','2020-01-11 08:56:11'),('60cf8586af9667802c690a3df946557d1e2aea56beaf0b98385a8a17e4e2c42a8f67c31915e61d93',1,1,NULL,'[\"*\"]',0,'2019-01-10 09:55:32','2019-01-10 09:55:32','2020-01-10 09:55:32'),('659e712583c08f0bc5917649971002e1ececb5473412d9d79e5eafcb42ed1d99ad3f69cf883d05b4',1,1,NULL,'[\"*\"]',0,'2019-01-11 09:26:19','2019-01-11 09:26:19','2020-01-11 09:26:19'),('689b4bdcfeb0c7d88a19d432c7abfea79bbc6015d4c7c108e7cbc64c0df509ca7c939edaddb0f82f',1,1,NULL,'[\"*\"]',0,'2019-01-14 15:07:03','2019-01-14 15:07:03','2020-01-14 15:07:03'),('68eb0bffb74e159dd11e8a5b170c5530f5511f4a093a856f889c28df89971e8353f995600dbce40a',1,1,NULL,'[\"*\"]',0,'2019-01-16 10:55:17','2019-01-16 10:55:17','2020-01-16 10:55:17'),('695e474a65486854c0067c014c70cc0176cc24a9ffb2438795930e4c1c9ead9c085115464397299d',1,1,NULL,'[\"*\"]',0,'2019-01-10 09:38:42','2019-01-10 09:38:42','2020-01-10 09:38:42'),('69be5c33437b7483d4d920ab329ef84727e42c6c58714a605bb96f62e79441feae28103b77beb1e5',1,1,NULL,'[\"*\"]',0,'2019-01-10 10:55:38','2019-01-10 10:55:38','2020-01-10 10:55:38'),('7091fda303c8ac4eedfd9c994e5c549f15b886f876207586ce4c2e0a15b2c4826772d172d121437f',1,1,NULL,'[\"*\"]',0,'2019-01-11 09:22:16','2019-01-11 09:22:16','2020-01-11 09:22:16'),('728e4a2db70d60646099e42ce5e3c010c07d62bf9df2a6abd3511937e29c973a552cfccde939f93d',1,1,NULL,'[\"*\"]',0,'2019-01-15 16:34:26','2019-01-15 16:34:26','2020-01-15 16:34:26'),('72ea02b9de3711894450a6be22fa24f4ada5c2208f1dfa5aac80ede68a904e93a9891b12181bd625',1,1,NULL,'[\"*\"]',0,'2019-01-10 10:28:14','2019-01-10 10:28:14','2020-01-10 10:28:14'),('734257160a74283940f8f28e9e3ed066b1d127c530d7e58b5ab73a3c723572377fbf4a31591b538c',1,1,NULL,'[\"*\"]',0,'2019-01-11 09:28:09','2019-01-11 09:28:09','2020-01-11 09:28:09'),('73b4dc0324b49b4b7fd2cd85ab9325d301b1d50be831564c4a301979e8e03b913455a3f5416f7459',1,1,NULL,'[\"*\"]',0,'2019-01-16 10:55:58','2019-01-16 10:55:58','2020-01-16 10:55:58'),('73bd26a6fc50d428b6306d257013d3e75bcd096862d92da724533c9064b64be85c1bced8d6e6f1a5',1,1,NULL,'[\"*\"]',0,'2019-01-11 09:41:29','2019-01-11 09:41:29','2020-01-11 09:41:29'),('754e45a0d13b0c0200f7bd654baeabc41c2f0c4b07f5130c8503abcd3c96fb6b3c963de02a71b3ea',1,1,NULL,'[\"*\"]',0,'2019-01-10 09:35:37','2019-01-10 09:35:37','2020-01-10 09:35:37'),('775d90043b637d5bbba75fa79ae6c272493283b715733486ae0754a7f3a1e83355b35f00c946282f',1,1,NULL,'[\"*\"]',0,'2019-01-11 09:29:17','2019-01-11 09:29:17','2020-01-11 09:29:17'),('7b564b58a1508a1f052aeedbe57da776ec56b5d1481b59b54f79c9be4a97a7e1085d47611e4a0edf',1,1,NULL,'[\"*\"]',0,'2019-01-15 16:40:57','2019-01-15 16:40:57','2020-01-15 16:40:57'),('7b5761d39176ccb3796481be7c0c5a821ede3dff0414bcc57ebbcb8231a5a2fa897821614278abdc',1,1,NULL,'[\"*\"]',0,'2019-01-10 10:26:41','2019-01-10 10:26:41','2020-01-10 10:26:41'),('875e0148d8b6b34bb54820550499ad43461475bdcc37031bd006a799f2e6fb480f34a426b1d3ee5b',1,1,NULL,'[\"*\"]',0,'2019-01-15 16:43:34','2019-01-15 16:43:34','2020-01-15 16:43:34'),('87a2c417177771d5cf62f0d1883f797e60a7b346a7525cbb161c020a268418033f26296a9e3c7098',1,1,NULL,'[\"*\"]',0,'2019-01-14 10:50:50','2019-01-14 10:50:50','2020-01-14 10:50:50'),('8dbf002f1053997fd43d5f533406f73506e3b0b4b479068c537db7f4aca87a6bd5868f93d5391421',1,1,NULL,'[\"*\"]',0,'2019-01-11 09:17:35','2019-01-11 09:17:35','2020-01-11 09:17:35'),('905c3e721b482c96538cfd7adc939525632fa9545a6352977cefa43c8ab61b6b52983c68f4286e5e',1,1,NULL,'[\"*\"]',0,'2019-01-11 09:17:26','2019-01-11 09:17:26','2020-01-11 09:17:26'),('90a52e616616873c480bd2926f0be548d4429be43742c49bd6798cd5064ec935f3b7363903023746',1,1,NULL,'[\"*\"]',0,'2019-01-14 10:50:16','2019-01-14 10:50:16','2020-01-14 10:50:16'),('943ce60fd4be07ba18b071177b23c7ff7f5692e4a68addaa5f3fa32999b43bea54e003570761032c',1,1,NULL,'[\"*\"]',0,'2019-01-16 08:22:12','2019-01-16 08:22:12','2020-01-16 08:22:12'),('9488a036f537dd93abd4c1dc917f14f5abaf5c143fe37db86f660264efaa4e2bd3cf255a84ce74f1',1,1,NULL,'[\"*\"]',0,'2019-01-11 09:21:58','2019-01-11 09:21:58','2020-01-11 09:21:58'),('979a82d007c156c2ce398720bba06ba75e23588cf5e76da28b8d9fb1ab7df622896b123717dd514b',1,1,NULL,'[\"*\"]',0,'2019-01-10 10:27:30','2019-01-10 10:27:30','2020-01-10 10:27:30'),('99f3c2c6bdd67294ce3c61d43aaa9ecf57518197e4b414dab8e8633a57046a34c1ba1da3d19c7d98',1,1,NULL,'[\"*\"]',0,'2019-01-16 08:24:51','2019-01-16 08:24:51','2020-01-16 08:24:51'),('9a263bc2a12be9a6f2feb6897531f814a919987cd94f5bfe945d1112e94288b81c3b6977bb581627',1,1,NULL,'[\"*\"]',0,'2019-01-16 11:26:56','2019-01-16 11:26:56','2020-01-16 11:26:56'),('9a98174a7d06b871f41162c92c23a951effaa70eeeed2e22d3812fb83e5bbd40236382f9c008f974',1,1,NULL,'[\"*\"]',0,'2019-01-16 11:24:31','2019-01-16 11:24:31','2020-01-16 11:24:31'),('9c6f9b27286d0d7216fbded26f88d4914c8e7f9e0c1b1ec75070119b6afe7f06b0d599206bf947e6',1,1,NULL,'[\"*\"]',0,'2019-01-16 09:57:06','2019-01-16 09:57:06','2020-01-16 09:57:06'),('a27bf95ff0a8a4ab3f3e9066ac9fc80683bf9d5c4789c0e16e9e918e8ed698809b6a7ab50165f043',1,1,NULL,'[\"*\"]',0,'2019-01-10 10:14:12','2019-01-10 10:14:12','2020-01-10 10:14:12'),('a478ab3c38045702ccfd2c90a9eec9aa9afabe14c185c08f79f297c15ce2d535bc4026d08ebd213d',1,1,NULL,'[\"*\"]',0,'2019-01-10 10:55:57','2019-01-10 10:55:57','2020-01-10 10:55:57'),('a50c9591d380418f56884dc0e85e68d5257a0a6b8ad457b021279105bab537c42b0c64cc79b2b84f',1,1,NULL,'[\"*\"]',0,'2019-01-16 11:06:37','2019-01-16 11:06:37','2020-01-16 11:06:37'),('a6c3a9ecf152591e17c17cf80cdb9824148f82b96c11466e21be505fa27b97378f1f7e48175f9637',1,1,NULL,'[\"*\"]',0,'2019-01-16 10:41:47','2019-01-16 10:41:47','2020-01-16 10:41:47'),('a71479ef9ffdf7125653eb44c66a49b664932dbf3a8691b37b5ecd1e935e1dd0bb4e874aeb343c96',1,1,NULL,'[\"*\"]',0,'2019-01-14 10:42:29','2019-01-14 10:42:29','2020-01-14 10:42:29'),('a73bbfb86bfe2f507a46cd5d121d83696fcf5caa87bc2c701ca86e65b473aca0e9ec21c609ca9ced',1,1,NULL,'[\"*\"]',0,'2019-01-10 10:43:34','2019-01-10 10:43:34','2020-01-10 10:43:34'),('a83075e9074a99330ccd06be89857a06de78145c1b30f94cb1905d4b2c1675e0f348fd76bad7a7a3',1,1,NULL,'[\"*\"]',0,'2019-01-09 15:23:03','2019-01-09 15:23:03','2020-01-09 15:23:03'),('a843d9bf88b035b991a55a00cef413289f9d721a12742e9d8fa39e6d255516a972b8ea8e61d3a91a',1,1,NULL,'[\"*\"]',0,'2019-01-10 09:47:50','2019-01-10 09:47:50','2020-01-10 09:47:50'),('a853110f7c4a00de297e2284965a83089e8103e9f64382752084313fd812d6393f5a1cae3431da5b',1,1,NULL,'[\"*\"]',0,'2019-01-16 10:40:36','2019-01-16 10:40:36','2020-01-16 10:40:36'),('a855671735083e3203c460a6e97fc8fb9c045915ddb58e8c6372e9388784b6fa30b36bd13085f84c',1,1,NULL,'[\"*\"]',0,'2019-01-10 10:54:47','2019-01-10 10:54:47','2020-01-10 10:54:47'),('a9985ba38481494a50c0f155608ef988fcaf0ffeff36d099a0ee625f94d616ab8fabc1a1712a036b',1,1,NULL,'[\"*\"]',0,'2019-01-10 10:31:02','2019-01-10 10:31:02','2020-01-10 10:31:02'),('aa74e953ab32e08512e00480401a9d119e99dac2db5d429c521baeb3bc23a9f03200af25b1317183',1,1,NULL,'[\"*\"]',0,'2019-01-11 09:17:50','2019-01-11 09:17:50','2020-01-11 09:17:50'),('aaeee04e126c10264b57a67b475a01e0020fa991724eda01884425694b35ad48b3ea394c590f3e57',1,1,NULL,'[\"*\"]',0,'2019-01-10 10:27:49','2019-01-10 10:27:49','2020-01-10 10:27:49'),('ab41799bb91fecb09b662ce87b1f041982cb438fa285fa02fc22d3ff8e9a0600b73984fd312ab0e1',1,1,NULL,'[\"*\"]',0,'2019-01-10 11:00:36','2019-01-10 11:00:36','2020-01-10 11:00:36'),('ab8aee8867ef64387a4b7f5ef136d68059ce5c7c2daa874eb10fc63f132f1c3d5ebacf472ef7f0f5',1,1,NULL,'[\"*\"]',0,'2019-01-10 14:41:26','2019-01-10 14:41:26','2020-01-10 14:41:26'),('aba34f9f509e66b210cdbc9f0821b8197fcd525ba96603a137a3f8e279a14be023d7db612bd307b8',1,1,NULL,'[\"*\"]',0,'2019-01-14 09:49:56','2019-01-14 09:49:56','2020-01-14 09:49:56'),('acdc7a163632c78cc9d257a485c65e7b3a0703236ed7f3ebdea467a6152819778b9c0303820a88fe',1,1,NULL,'[\"*\"]',0,'2019-01-16 10:01:06','2019-01-16 10:01:06','2020-01-16 10:01:06'),('b30cc0adafc5c6c8761360fdbc41bf68521d63a00f58abf802c0dca273f01eabc81c8b042f4486d3',1,1,NULL,'[\"*\"]',0,'2019-01-15 16:43:37','2019-01-15 16:43:37','2020-01-15 16:43:37'),('b351eb2ba741d69058bffc2e2ba89247b778839f1321f992ff70fbd981486214732bc757ba601a9b',1,1,NULL,'[\"*\"]',0,'2019-01-16 11:24:24','2019-01-16 11:24:24','2020-01-16 11:24:24'),('b408ad84ed9bf33bc90b2d112a2e49541a1f45d76acc165f88af953ba89bee4094f945579806a2ea',1,1,NULL,'[\"*\"]',0,'2019-01-11 08:48:13','2019-01-11 08:48:13','2020-01-11 08:48:13'),('b53a22ba6c33c9f68e993620e1935e94f06210a5e243a8cfa34757b0fc0e28a296583e23113ad671',1,1,NULL,'[\"*\"]',0,'2019-01-14 14:17:31','2019-01-14 14:17:31','2020-01-14 14:17:31'),('b6aa81ee7f15967bbccf1d48b28641e9d0aa88b7affb239e298088a1a2625ae344035d9cf2fc4742',1,1,NULL,'[\"*\"]',0,'2019-01-10 09:59:59','2019-01-10 09:59:59','2020-01-10 09:59:59'),('b6f3b0be2df10afa129abccd1167142aa7bfd65bd9fa5940f274444079dc9913850ab748efde7956',1,1,NULL,'[\"*\"]',0,'2019-01-10 08:54:09','2019-01-10 08:54:09','2020-01-10 08:54:09'),('ba150b40dc8f80d1385e9ae6704cb909f261c98b16bc2b94c9311ecd0c40a166108f89eeed4a006f',1,1,NULL,'[\"*\"]',0,'2019-01-11 09:55:44','2019-01-11 09:55:44','2020-01-11 09:55:44'),('babf4884b80b7a135b345cd9466fc407ab4bdabfa06ee60db76f6fe7658179a449dceafb64142efe',1,1,NULL,'[\"*\"]',0,'2019-01-16 08:19:01','2019-01-16 08:19:01','2020-01-16 08:19:01'),('bc403f51e2d3d01caf3ed654722d8c15ba25caa3b565466874592c78be2ab9c04d9a8f414da29c73',1,1,NULL,'[\"*\"]',0,'2019-01-14 09:48:31','2019-01-14 09:48:31','2020-01-14 09:48:31'),('bd03d4b938c45abe471c82ba45e566d9bb55e383b3513817f7d76a00023fc70d716dbcb92617ade5',1,1,NULL,'[\"*\"]',0,'2019-01-16 10:43:36','2019-01-16 10:43:36','2020-01-16 10:43:36'),('c06c1bebddf8195411d4590ccd77093a1413b33cc6209fd3daa9056cb5546f3831d3354ea8ee29f7',1,1,NULL,'[\"*\"]',0,'2019-01-16 08:24:10','2019-01-16 08:24:10','2020-01-16 08:24:10'),('c0ef9e30169c122aac0ba22447618185a2101fd62900671a633d08f4628ddd19844713f943e67a1d',1,1,NULL,'[\"*\"]',0,'2019-01-16 10:26:07','2019-01-16 10:26:07','2020-01-16 10:26:07'),('c1c8b52313cde0aec31ef275e53b9e1610292818c4ee6ca551b1249c8a7914a8b09eb7d1cf64be6a',1,1,NULL,'[\"*\"]',0,'2019-01-15 16:36:33','2019-01-15 16:36:33','2020-01-15 16:36:33'),('c26655e2f804351010ba500141160e061cba766575066de095ee688d8d427e06a7c4578d2abd724f',1,1,NULL,'[\"*\"]',0,'2019-01-14 09:43:14','2019-01-14 09:43:14','2020-01-14 09:43:14'),('c30dff26f4882b6c421142d6b1a401f92d1a711110ed5a21c05396d9daacd55751e25c5ad44205e3',1,1,NULL,'[\"*\"]',0,'2019-01-10 10:53:56','2019-01-10 10:53:56','2020-01-10 10:53:56'),('c55ac552969565167f1e7aade8329735749a0a27a4a88600bb24fa8d37412cc8f53a97a227ca93d4',1,1,NULL,'[\"*\"]',0,'2019-01-14 10:14:58','2019-01-14 10:14:58','2020-01-14 10:14:58'),('c6f301d0a0aedff5b33a99a839c7799f3c305791d826c9f9475140285ceb55ae2e49e0f8ca57b03f',1,1,NULL,'[\"*\"]',0,'2019-01-10 14:53:56','2019-01-10 14:53:56','2020-01-10 14:53:56'),('c9ed2aae673e0f74a3fc51d5965a858afbee7ab203df5c83edaea0333b990745c339431b81ae24c2',1,1,NULL,'[\"*\"]',0,'2019-01-11 09:02:38','2019-01-11 09:02:38','2020-01-11 09:02:38'),('ca3edcc91b9c29a3c0e6c1b3cc71df04ef43a3c7b9ab5059087871cfe943af4bd5ce475e1ff2f7d5',1,1,NULL,'[\"*\"]',0,'2019-01-11 09:28:40','2019-01-11 09:28:40','2020-01-11 09:28:40'),('cd4940353a861ea913ea93d538e75a853aded2bd61357003bf510f4f65d0623fca17737c808de66d',1,1,NULL,'[\"*\"]',0,'2019-01-10 10:44:08','2019-01-10 10:44:08','2020-01-10 10:44:08'),('cfe34712524366efd28a91ca1571c2a033e1d36db4e3eff809cee107b60c4bef605068723798cbc7',1,1,NULL,'[\"*\"]',0,'2019-01-16 11:02:25','2019-01-16 11:02:25','2020-01-16 11:02:25'),('d11dbbdf7f1fb077346c0bc848462b1a1fbff0701899fa1c0aac843c06fa75f26b5767c061feb842',1,1,NULL,'[\"*\"]',0,'2019-01-16 09:40:39','2019-01-16 09:40:39','2020-01-16 09:40:39'),('d19dc550c0e58d4c5584c3b1354779ce9973bd7774e5d0694c28274eed2c10ceba449e0a22f62394',1,1,NULL,'[\"*\"]',0,'2019-01-16 10:43:02','2019-01-16 10:43:02','2020-01-16 10:43:02'),('d375903d8721ac5ee7682bc7b1a9f4fb837afef2e749a3ef820ffb8e40eb53f03ad8f7eb6d7a12ef',1,1,NULL,'[\"*\"]',0,'2019-01-14 09:44:12','2019-01-14 09:44:12','2020-01-14 09:44:12'),('d468fe8895fac300ac121c7b26ff20ce4f2b568bbc92a71f21326a4e0cb1bf3b9d186c6ef3ca81fe',1,1,NULL,'[\"*\"]',0,'2019-01-15 16:30:37','2019-01-15 16:30:37','2020-01-15 16:30:37'),('d486e6d363c234d21e2270815828feb42c79f727177240632e2a3feca712e5f6c8dc3ced1e5cedff',1,1,NULL,'[\"*\"]',0,'2019-01-09 15:22:59','2019-01-09 15:22:59','2020-01-09 15:22:59'),('d50a9ed7a83e32b905001d3432c69e5e9403acebfc83f2b3ac0007317977e1ca43ac9140470c849c',1,1,NULL,'[\"*\"]',0,'2019-01-16 09:46:05','2019-01-16 09:46:05','2020-01-16 09:46:05'),('d70275efb1d9fea55b774b4f3e4e6a49c6650a8f21096439263c523985f1e3321e252282823b6990',1,1,NULL,'[\"*\"]',0,'2019-01-11 08:48:06','2019-01-11 08:48:06','2020-01-11 08:48:06'),('d8313009659dbdcd1a4ace86ca3571e85f3265525cc3fe446aaf1bffe743da3bcab2f62ad1207842',1,1,NULL,'[\"*\"]',0,'2019-01-16 08:42:49','2019-01-16 08:42:49','2020-01-16 08:42:49'),('da8e497d604029167af0f746e7f416e2e19e69f91c2b0de4a9a5252d48da76b4934dec373f62229f',1,1,NULL,'[\"*\"]',0,'2019-01-14 09:48:26','2019-01-14 09:48:26','2020-01-14 09:48:26'),('dc8acf14349bcf863d9326b7c8413587961cbaf962c574d9fd36d769e34772c6a101b1be9571c6b3',1,1,NULL,'[\"*\"]',0,'2019-01-10 10:44:27','2019-01-10 10:44:27','2020-01-10 10:44:27'),('dcf04448e222b35c1306da8cfaec76280717081854000a8cad9c1463639c3395478032a09b4a4c11',1,1,NULL,'[\"*\"]',0,'2019-01-10 10:16:40','2019-01-10 10:16:40','2020-01-10 10:16:40'),('dd246b942aa2b7c8695f5a0ca1b3f5d6e8fbe5bc9224559d1f0fd64648973c54c36757ef11e36a1e',1,1,NULL,'[\"*\"]',0,'2019-01-10 10:44:45','2019-01-10 10:44:45','2020-01-10 10:44:45'),('ddd0aa4d64fba3a9d7e117a29128f0ed78f1b3301a55906df6c92b1364643bb5dcb11963bea9adf4',1,1,NULL,'[\"*\"]',0,'2019-01-10 09:26:58','2019-01-10 09:26:58','2020-01-10 09:26:58'),('dec83585d21feb1bb0cbb4b0dd44362613f96c4a301c0936579c3fa086486fe1876e59af3f16803d',1,1,NULL,'[\"*\"]',0,'2019-01-14 15:38:18','2019-01-14 15:38:18','2020-01-14 15:38:18'),('df4e94f70081d758302941d36c52d4f48dca65b542e63e7e88da8836426be0bbe17d55d1c9f317bd',1,1,NULL,'[\"*\"]',0,'2019-01-14 09:48:38','2019-01-14 09:48:38','2020-01-14 09:48:38'),('df847e67f7b7904821809a561300c655b96ec130165347b7a0fdbf8dc5679d24c3c2e0506594e684',1,1,NULL,'[\"*\"]',0,'2019-01-11 09:27:09','2019-01-11 09:27:09','2020-01-11 09:27:09'),('df9ca67ffdd3f6861d08b8751ae778a8f3d1b50fbe53ef36d89524266ffb8220096d810d0bf24e52',1,1,NULL,'[\"*\"]',0,'2019-01-16 13:13:47','2019-01-16 13:13:47','2020-01-16 13:13:47'),('e344e72cc7ffa4079ee02433a00669b456b1fb2bbebefaf682f3fa518890a4205e31f626a86f0a4c',1,1,NULL,'[\"*\"]',0,'2019-01-16 11:10:45','2019-01-16 11:10:45','2020-01-16 11:10:45'),('e657841be1c14a7d959948c94edd5f48e2a16256af83d677b72a8437df730d08667be9c88b426aaa',1,1,NULL,'[\"*\"]',0,'2019-01-16 11:26:11','2019-01-16 11:26:11','2020-01-16 11:26:11'),('eb3dd4643a8467c8ebc17ad152e43e939e684fb5b627bf08a4519033c851bc3a4cd7842af647d1c0',1,1,NULL,'[\"*\"]',0,'2019-01-11 09:17:09','2019-01-11 09:17:09','2020-01-11 09:17:09'),('ee525eada3fab19aab54f8fae95fe8ec4b8e3b6efaa1d2dafa52a92a9abc8cdf7e1628183653b64f',1,1,NULL,'[\"*\"]',0,'2019-01-10 09:55:04','2019-01-10 09:55:04','2020-01-10 09:55:04'),('efb315a014fbebd12991ff155a12c99b998cc2159a652011f28162c9f44524f4bd1af8600f48c190',1,1,NULL,'[\"*\"]',0,'2019-01-14 09:08:12','2019-01-14 09:08:12','2020-01-14 09:08:12'),('f11a15d40bb070872b45ff85933f181cf2c9be778ca8d313737333c5966a49dd6c2b39fc9f12af16',1,1,NULL,'[\"*\"]',0,'2019-01-10 09:33:02','2019-01-10 09:33:02','2020-01-10 09:33:02'),('f209e3decfbf277df7c155fc5049d4b517ded70350705c56fbe38122c38eb0edd5d3c4f15c5908bf',1,1,NULL,'[\"*\"]',0,'2019-01-16 08:24:52','2019-01-16 08:24:52','2020-01-16 08:24:52'),('f43423b9be2e8a5f600cf3e388520bf460def2e86a50ab8ba96c6e02e19f06a16088ac7bab597399',1,1,NULL,'[\"*\"]',0,'2019-01-14 09:53:23','2019-01-14 09:53:23','2020-01-14 09:53:23'),('f537739708ab4b4ebeb016260d2e0258022cf56a5c4f872d1f79c28730a4f8fc20285a38ac7016d7',1,1,NULL,'[\"*\"]',0,'2019-01-11 09:05:06','2019-01-11 09:05:06','2020-01-11 09:05:06'),('f56b800fce394d6e2c7a5658da7d5cb4a9505e80ad444b34794accabed599c0bee1a9c17ac629a64',1,1,NULL,'[\"*\"]',0,'2019-01-14 10:13:09','2019-01-14 10:13:09','2020-01-14 10:13:09'),('f690e83505e7b2bddc50cc505e2bd67fd493b4879b61d0ecd11de2173b7ad03e3367c248a91591de',1,1,NULL,'[\"*\"]',0,'2019-01-15 16:39:21','2019-01-15 16:39:21','2020-01-15 16:39:21'),('f6d19341eededb05ca022c841b9cee7a0f7b4dc5fcf9bcc778d4c58e3baa8fe75e2a476f0fa73826',1,1,NULL,'[\"*\"]',0,'2019-01-16 11:01:43','2019-01-16 11:01:43','2020-01-16 11:01:43'),('f99c42b133db9ef5dd432dea81267d460a9b10ad027556174a2a006134c980d6a7365f497329a8e8',1,1,NULL,'[\"*\"]',0,'2019-01-11 09:25:47','2019-01-11 09:25:47','2020-01-11 09:25:47'),('f9eb4057ba604b6ca72c3c1be691ef2dc8861fddec895debbadac41c90e31fd8617f8a31225410ca',1,1,NULL,'[\"*\"]',0,'2019-01-14 15:34:10','2019-01-14 15:34:10','2020-01-14 15:34:10'),('fa21c040e3dea8fa273fbf95e8095271c508da3363fb3b1fa76327474ab8b8d87bb5653cd697e8e1',1,1,NULL,'[\"*\"]',0,'2019-01-14 15:38:49','2019-01-14 15:38:49','2020-01-14 15:38:49'),('fac4043c37b52aee99bf98ed02f2d61db3c8b4e711cf3079fa13405e91aa90b9ca22288f657b28c1',1,1,NULL,'[\"*\"]',0,'2019-01-16 10:39:15','2019-01-16 10:39:15','2020-01-16 10:39:15'),('fadbbccb3ae94f9dbfbf8a1b93fea8bfd1f43f082aae1b16411d7c289ff8ceebefb7396e3d12cb99',1,1,NULL,'[\"*\"]',0,'2019-01-11 09:25:52','2019-01-11 09:25:52','2020-01-11 09:25:52'),('fb291969dc466346e4d2d7db06dcb0338c0aa5bf3675c4bc15d91b530d9851487a9fc129fb63031d',1,1,NULL,'[\"*\"]',0,'2019-01-16 09:37:13','2019-01-16 09:37:13','2020-01-16 09:37:13'),('fcb228038e13711ff4da8abdc5438370dd9d4a50b454e7ef26e86d603cf41c5fd776b62ceb6ab1d1',1,1,NULL,'[\"*\"]',0,'2019-01-14 09:41:03','2019-01-14 09:41:03','2020-01-14 09:41:03'),('ff12bce667b12353923ea4338c0f8d49a45cad7e3ee8d7b204bf95345913e2fbd020a926bf99afb7',1,1,NULL,'[\"*\"]',0,'2019-01-10 09:28:43','2019-01-10 09:28:43','2020-01-10 09:28:43'),('ffa3e0defb531416107345c8f69285c4810a9f6e3fbe14f2d3ef4912f12385936f84a643f7bc5089',1,1,NULL,'[\"*\"]',0,'2019-01-10 15:58:00','2019-01-10 15:58:00','2020-01-10 15:58:00'),('ffdd8b201da1b6f6ce5d877465d08e2bca79011a28024ae5036da4e318ba63749a417d52c7c945a1',1,1,NULL,'[\"*\"]',0,'2019-01-16 11:23:39','2019-01-16 11:23:39','2020-01-16 11:23:39');
/*!40000 ALTER TABLE `oauth_access_tokens` ENABLE KEYS */;
UNLOCK TABLES;

--
-- Table structure for table `oauth_auth_codes`
--

DROP TABLE IF EXISTS `oauth_auth_codes`;
/*!40101 SET @saved_cs_client     = @@character_set_client */;
/*!40101 SET character_set_client = utf8 */;
CREATE TABLE `oauth_auth_codes` (
  `id` varchar(100) COLLATE utf8mb4_unicode_ci NOT NULL,
  `user_id` int(11) NOT NULL,
  `client_id` int(11) NOT NULL,
  `scopes` text COLLATE utf8mb4_unicode_ci,
  `revoked` tinyint(1) NOT NULL,
  `expires_at` datetime DEFAULT NULL,
  PRIMARY KEY (`id`)
) ENGINE=InnoDB DEFAULT CHARSET=utf8mb4 COLLATE=utf8mb4_unicode_ci;
/*!40101 SET character_set_client = @saved_cs_client */;

--
-- Dumping data for table `oauth_auth_codes`
--

LOCK TABLES `oauth_auth_codes` WRITE;
/*!40000 ALTER TABLE `oauth_auth_codes` DISABLE KEYS */;
/*!40000 ALTER TABLE `oauth_auth_codes` ENABLE KEYS */;
UNLOCK TABLES;

--
-- Table structure for table `oauth_clients`
--

DROP TABLE IF EXISTS `oauth_clients`;
/*!40101 SET @saved_cs_client     = @@character_set_client */;
/*!40101 SET character_set_client = utf8 */;
CREATE TABLE `oauth_clients` (
  `id` int(10) unsigned NOT NULL AUTO_INCREMENT,
  `user_id` int(11) DEFAULT NULL,
  `name` varchar(255) COLLATE utf8mb4_unicode_ci NOT NULL,
  `secret` varchar(100) COLLATE utf8mb4_unicode_ci NOT NULL,
  `redirect` text COLLATE utf8mb4_unicode_ci NOT NULL,
  `personal_access_client` tinyint(1) NOT NULL,
  `password_client` tinyint(1) NOT NULL,
  `revoked` tinyint(1) NOT NULL,
  `created_at` timestamp NULL DEFAULT NULL,
  `updated_at` timestamp NULL DEFAULT NULL,
  PRIMARY KEY (`id`),
  KEY `oauth_clients_user_id_index` (`user_id`)
) ENGINE=InnoDB AUTO_INCREMENT=2 DEFAULT CHARSET=utf8mb4 COLLATE=utf8mb4_unicode_ci;
/*!40101 SET character_set_client = @saved_cs_client */;

--
-- Dumping data for table `oauth_clients`
--

LOCK TABLES `oauth_clients` WRITE;
/*!40000 ALTER TABLE `oauth_clients` DISABLE KEYS */;
INSERT INTO `oauth_clients` VALUES (1,NULL,'website','o7aYR3hvkuYFlpR6YEQWtmKdeKZc0yBy9mXi8dLO','http://localhost',0,1,0,'2019-01-09 13:32:50','2019-01-09 13:32:50');
/*!40000 ALTER TABLE `oauth_clients` ENABLE KEYS */;
UNLOCK TABLES;

--
-- Table structure for table `oauth_personal_access_clients`
--

DROP TABLE IF EXISTS `oauth_personal_access_clients`;
/*!40101 SET @saved_cs_client     = @@character_set_client */;
/*!40101 SET character_set_client = utf8 */;
CREATE TABLE `oauth_personal_access_clients` (
  `id` int(10) unsigned NOT NULL AUTO_INCREMENT,
  `client_id` int(10) unsigned NOT NULL,
  `created_at` timestamp NULL DEFAULT NULL,
  `updated_at` timestamp NULL DEFAULT NULL,
  PRIMARY KEY (`id`),
  KEY `oauth_personal_access_clients_client_id_index` (`client_id`)
) ENGINE=InnoDB DEFAULT CHARSET=utf8mb4 COLLATE=utf8mb4_unicode_ci;
/*!40101 SET character_set_client = @saved_cs_client */;

--
-- Dumping data for table `oauth_personal_access_clients`
--

LOCK TABLES `oauth_personal_access_clients` WRITE;
/*!40000 ALTER TABLE `oauth_personal_access_clients` DISABLE KEYS */;
/*!40000 ALTER TABLE `oauth_personal_access_clients` ENABLE KEYS */;
UNLOCK TABLES;

--
-- Table structure for table `oauth_refresh_tokens`
--

DROP TABLE IF EXISTS `oauth_refresh_tokens`;
/*!40101 SET @saved_cs_client     = @@character_set_client */;
/*!40101 SET character_set_client = utf8 */;
CREATE TABLE `oauth_refresh_tokens` (
  `id` varchar(100) COLLATE utf8mb4_unicode_ci NOT NULL,
  `access_token_id` varchar(100) COLLATE utf8mb4_unicode_ci NOT NULL,
  `revoked` tinyint(1) NOT NULL,
  `expires_at` datetime DEFAULT NULL,
  PRIMARY KEY (`id`),
  KEY `oauth_refresh_tokens_access_token_id_index` (`access_token_id`)
) ENGINE=InnoDB DEFAULT CHARSET=utf8mb4 COLLATE=utf8mb4_unicode_ci;
/*!40101 SET character_set_client = @saved_cs_client */;

--
-- Dumping data for table `oauth_refresh_tokens`
--

LOCK TABLES `oauth_refresh_tokens` WRITE;
/*!40000 ALTER TABLE `oauth_refresh_tokens` DISABLE KEYS */;
INSERT INTO `oauth_refresh_tokens` VALUES ('02e2423f97023a81808450020de07721571c9066216acabc13397a59c25ea48b9d272dcb8e3615ea','4e401bf5e78634a5ecf0d486d376c04832324cac5d114a4d021a3f46d0ac9bf8df0e3f3d6d20ded0',0,'2020-01-11 08:58:04'),('04167572de1365ef9524ca037d95480413a509d663f2bc9b08131fcaf21089ae96740e588402b0b4','d11dbbdf7f1fb077346c0bc848462b1a1fbff0701899fa1c0aac843c06fa75f26b5767c061feb842',0,'2020-01-16 09:40:39'),('048859ca99eb89724c810df6248e6beb0a042419cc1c066a5939e13d0aef6f1d19352de4fbb3124e','d8313009659dbdcd1a4ace86ca3571e85f3265525cc3fe446aaf1bffe743da3bcab2f62ad1207842',0,'2020-01-16 08:42:49'),('055f7ca088ffc7b7c2e234caaf2af15b478d6760e45449526a4fdfaa2ea216ae3822a94de0199fc0','495b271cf895ccdc5b3cb783dfd6d397370206e320c559d0f16100000a58f5c8f4bde686a3a5363b',0,'2020-01-11 09:21:30'),('05df70ecc05a9bd0f999220a4869dfcd938d45c5939b4b27a00526e005e16b9424071973c8565888','905c3e721b482c96538cfd7adc939525632fa9545a6352977cefa43c8ab61b6b52983c68f4286e5e',0,'2020-01-11 09:17:26'),('06564aeedee68a456e044d2733cfebe11073bde119fa8eea6ea05837c54d9ebdd179ee662cbdba8e','a478ab3c38045702ccfd2c90a9eec9aa9afabe14c185c08f79f297c15ce2d535bc4026d08ebd213d',0,'2020-01-10 10:55:57'),('0972e73548c56fd550c4afa04692a5c3a61ad3e9161eb4043c1f6fa161cd502c30ac272bc2debec0','659e712583c08f0bc5917649971002e1ececb5473412d9d79e5eafcb42ed1d99ad3f69cf883d05b4',0,'2020-01-11 09:26:19'),('0a0b0537c79192d1e5e53d827ef161ff437b41f18cb6563c1343011f2614086bae3c2c449a50484b','f690e83505e7b2bddc50cc505e2bd67fd493b4879b61d0ecd11de2173b7ad03e3367c248a91591de',0,'2020-01-15 16:39:21'),('0cba4023256f0cf9e318537a37d56a3c0ba59a74736a2dde4a34ee5da25f1a04e9c35d93d269d173','5c37f82c81f0aa68a91765d7d6d2c409528aec6177e2f1116767bda7808327bf1c3a2e14e5658432',0,'2020-01-10 13:52:24'),('0d7beab756ca54b9d05237f528f4d9c342bb58b503a524307a233352e096486cc26970c9ecc21249','c55ac552969565167f1e7aade8329735749a0a27a4a88600bb24fa8d37412cc8f53a97a227ca93d4',0,'2020-01-14 10:14:58'),('0e37f774f5a2ed2cd2828c613560d6b6c1a56e57bfd141cc4bf1b88983a3b907438493876b00ee45','9a263bc2a12be9a6f2feb6897531f814a919987cd94f5bfe945d1112e94288b81c3b6977bb581627',0,'2020-01-16 11:26:57'),('10652aa59da60862dbdf5ac23f2c071c7d418efe7770ab702e20e4bcc616427ed9f381389a924708','ddd0aa4d64fba3a9d7e117a29128f0ed78f1b3301a55906df6c92b1364643bb5dcb11963bea9adf4',0,'2020-01-10 09:26:58'),('11d56c72e571e0c420b6e2ed692508646f6ef03fcce64f3c369d2ac35e429eeb72ae671d643c92fc','10e83decceacf898ec77d13e83ed663536185c861340322177dc27fa2fdff62cc3a6b163338879c8',0,'2020-01-16 10:54:21'),('11fec49ba56173353617a02757d53b7498644954f1c692006269cfc9462cb7df4b2418bc8150fe11','0905fa95661398828fd6dee6463d0373675dcdaccc81d872b53908790c42bb2f561fd3a7ce7565c2',0,'2020-01-10 14:06:16'),('147104212e2284636f39252625746d9a22c817008e93e2c9f8e79863926dcff3d3ac6e034b33f4a3','d486e6d363c234d21e2270815828feb42c79f727177240632e2a3feca712e5f6c8dc3ced1e5cedff',0,'2020-01-09 15:22:59'),('176f3a9c5bd848eec97ccba3ace69f1823aa0a38a2d6e7523ec7b9e8b9a2a7cb908052ebe30bd478','df9ca67ffdd3f6861d08b8751ae778a8f3d1b50fbe53ef36d89524266ffb8220096d810d0bf24e52',0,'2020-01-16 13:13:47'),('17d0f847bc7951d45fb2050cb3554abc32585474ec0fe6ff9c59abc2179aed306e3cb8770b69538c','00f18e740f2ff724b8954072755ce36adacda541cfe0d028b9520dd53f0dcbedfc0639af82f80cb5',0,'2020-01-11 08:43:49'),('19ac0425ca8e6e18635ebb42132b8b27370ee72262d1dc16555b26c709b8caab805174d9e461d83e','59996d6a09203724c089cdca792a609899eb8bcf1fc65734b46a0d9a879454c3eb10543375985ed3',0,'2020-01-14 09:32:57'),('1c0c0a4fadf262450523030604d32bad9382bc483af5e1d79a007f72c20966f4da0f98d533c84545','ff12bce667b12353923ea4338c0f8d49a45cad7e3ee8d7b204bf95345913e2fbd020a926bf99afb7',0,'2020-01-10 09:28:43'),('1c2ccbbf6e24b089fc1005316e01fc7c63a458b116d6a5f80b6fceb12f8d8241f2891e9598405f86','689b4bdcfeb0c7d88a19d432c7abfea79bbc6015d4c7c108e7cbc64c0df509ca7c939edaddb0f82f',0,'2020-01-14 15:07:03'),('1e35609e2c30f733e3eeacd8c14917273d3d5eefb9010f94d293d9f5c3f8443db425778be21c9af8','e344e72cc7ffa4079ee02433a00669b456b1fb2bbebefaf682f3fa518890a4205e31f626a86f0a4c',0,'2020-01-16 11:10:45'),('1e8fdc5277e4f791f134a2d06f5c88842a30f922c3a8b115ae106b0e82e7125608c8901408d1645f','37a2fabb96042396d94fee6284bd1ed89cac315038380cffc04cc1d054896dc2eca66eee9935c014',0,'2020-01-10 09:31:28'),('2143ec788eb2dbe73b7d3ea66b904007d59dd667b4862ac0eb3c5b0976feba1a7ec7fc4c4c448036','5a86820095ee6afa5a6202da7800ca910bf5e19cc21d094445fd0b547b171a001b2dfa7acb1f004e',0,'2020-01-15 16:39:39'),('231db3dbb18c13e6aa6f9ab25da7772eef6f9ae445ede5fa1abb97aa0e3a00baf7127d4ae69ebd17','fa21c040e3dea8fa273fbf95e8095271c508da3363fb3b1fa76327474ab8b8d87bb5653cd697e8e1',0,'2020-01-14 15:38:49'),('245322c8d24022ef8987ebe24f1de6e291ff67a1efbb2ba545c9fad6e62f0f232591f05af48e1381','acdc7a163632c78cc9d257a485c65e7b3a0703236ed7f3ebdea467a6152819778b9c0303820a88fe',0,'2020-01-16 10:01:06'),('2517aa748a0b22f61fe397cdcd662b2b9ce8afd511a1110aa4f0b2293f42e59c11ed76ff27a1015f','ab8aee8867ef64387a4b7f5ef136d68059ce5c7c2daa874eb10fc63f132f1c3d5ebacf472ef7f0f5',0,'2020-01-10 14:41:26'),('252f9a95c5cfebe0eb54c636cf3b67e673c0e655f9724d0b588e2b186694cb9e2ed00203431ca711','68eb0bffb74e159dd11e8a5b170c5530f5511f4a093a856f889c28df89971e8353f995600dbce40a',0,'2020-01-16 10:55:17'),('26b554a16b1335cc0428c2abd1bbe8a88daf3b08ad28131ad2da7292e7ddd3c8315dcfdc8e648a74','06ce61cb53a0ed34698ba247ec8f492e73b7e10e7533bae60c825292d3bc02e9ea80d6faa4514a63',0,'2020-01-10 09:59:03'),('2a1448d8b2c67408d8be9d6e96cb937f97738d49f69ceddb2ca280acfbfcab624b7f88150164b4f0','138c21cb30bfa6ce224115f47d51d6b7a4951ee681c7fbd89cfea0a22d9ea5404543513f396ad5f9',0,'2020-01-16 09:37:30'),('2a4a3a000f7a3aa19cc0da923a04c6076b9f14425a64a54660f099cb4bfe67424046c9bf8443bbd9','b6f3b0be2df10afa129abccd1167142aa7bfd65bd9fa5940f274444079dc9913850ab748efde7956',0,'2020-01-10 08:54:09'),('2eae10af4ac74ac0b5eb8ee07ee67c0ee24994ad7bc3866e33677b3a6c87858d41937156f528cc25','4cc94eb118f98c3c257d70f4a6e7d5d851fa14968d55451d1334a986706c7474e91f1617cea4dde6',0,'2020-01-14 10:17:21'),('31f212c5092a37d6de48276b4b33e8b56ed15bf05ee251ce32484564adf1dd19e5c55067cbfe81c1','fcb228038e13711ff4da8abdc5438370dd9d4a50b454e7ef26e86d603cf41c5fd776b62ceb6ab1d1',0,'2020-01-14 09:41:03'),('32de8bd3599b35d6703d76310eba8a21b3b054edb92167bc9e495d57935010a7c60a0dada8d68fae','c6f301d0a0aedff5b33a99a839c7799f3c305791d826c9f9475140285ceb55ae2e49e0f8ca57b03f',0,'2020-01-10 14:53:56'),('3514b57cf6e0e168ee7c762fa0938d6159d1b0a979a496d94ee22e53a979875fc1c2245712f37db1','2e8a880ccd690277a8ed43dc711725497f124dd892f14090747f61e2af14cf49923d8d2399990ee4',0,'2020-01-16 11:01:51'),('361317352b4f44a7e00c2078ce6fccf445c56be501e3bfd1e89be24b36eb5710fa80367c4bdcb384','f11a15d40bb070872b45ff85933f181cf2c9be778ca8d313737333c5966a49dd6c2b39fc9f12af16',0,'2020-01-10 09:33:02'),('3766b4f92810a4a57f18a8eb7d68258d8e45ecacea46e8260c2dcf70716f6cb10203d61da62c82c2','f43423b9be2e8a5f600cf3e388520bf460def2e86a50ab8ba96c6e02e19f06a16088ac7bab597399',0,'2020-01-14 09:53:23'),('37fe252fe5f9e5745ef0fe7f0edb324cc23cf7bbe32e1afedf7f243635bbf1b4a15cbb88f13741d5','ba150b40dc8f80d1385e9ae6704cb909f261c98b16bc2b94c9311ecd0c40a166108f89eeed4a006f',0,'2020-01-11 09:55:44'),('39614f487cf202fd2383497e2eb03950aa5bda7e458d90b9002bcbad5917e294769bf6b6c4efdc00','457820eb0075aaebad22090567e9f979fae57d725acf2769d981d84d081c88fce9c599003d32b716',0,'2020-01-16 10:25:36'),('3aec415dc7abaccec185f1c45094be35fab9c054caa7c36c5a49f040b36f4fd47fcfd93c74f6e5e1','14f9d48a321a89866592029b356200cccd480076184a50830819de092cfe8aa5e3b74eba4e791e76',0,'2020-01-16 08:15:46'),('3c3c5aad856452c43f4b5d0d8bb22beaff6a13a4e09a093e25baa2e0aa76c2323ca7ae96d6a6a193','dcf04448e222b35c1306da8cfaec76280717081854000a8cad9c1463639c3395478032a09b4a4c11',0,'2020-01-10 10:16:40'),('4003f384877b108852907b1abbcd91e8ea45cfd2ff480e748a33816bde51fa38c885a3b48a13b4eb','57cf9e7eb58cbad7239ea94f33135b837ec95e876109600f2c5460d0b8d79b67015b524468241337',0,'2020-01-16 10:34:15'),('42534cccbcdf16431f4221f3ee808d25ae43eab29ffd044a4ed99ec1ed5ef39d5e67af29f49acb24','c1c8b52313cde0aec31ef275e53b9e1610292818c4ee6ca551b1249c8a7914a8b09eb7d1cf64be6a',0,'2020-01-15 16:36:33'),('427da28c81a0b6b0ca2f18eaaf42e62348b934c0e0d6ca7ef24115b1dde2bfb57b3903a5c4c356e8','0149d364d9c94cd6c83c1db5d5d1e1f12ce712f5ba14b12937856d45e4b03dcd91693c81c73ac215',0,'2020-01-16 10:32:52'),('4316a79d901c70f5dfc36ed4885d763cc9ef35d704b52ece02a66f72d46939fb0d33d01f3c989b1d','a71479ef9ffdf7125653eb44c66a49b664932dbf3a8691b37b5ecd1e935e1dd0bb4e874aeb343c96',0,'2020-01-14 10:42:29'),('43427cc30467927e58ce8ff9e23a42f56dc2fc3f45a7cbf8091a596945648820fbff677a516c8296','efb315a014fbebd12991ff155a12c99b998cc2159a652011f28162c9f44524f4bd1af8600f48c190',0,'2020-01-14 09:08:12'),('44d0cef0f16b9351762d5e619a98dbef4f25b6792af33c82cb1bff901932b1acd3779da4567b9853','5b63b52cd2aa9e6bf365fa352ab409ba33d872cb6c5b9d041179854fb8533b56768bbeb567e53460',0,'2020-01-16 08:21:06'),('46278bc212ee48ffc16a2e07cc1cbaa60f24b8556d0ac41020004e9116dfee8ff62b883c143dee37','734257160a74283940f8f28e9e3ed066b1d127c530d7e58b5ab73a3c723572377fbf4a31591b538c',0,'2020-01-11 09:28:09'),('46e92836fa7b0b4f2f5bd34f7a33e223d1ee3731116d59973bcf5bcb1937f0df2052b88bc8f7b608','9488a036f537dd93abd4c1dc917f14f5abaf5c143fe37db86f660264efaa4e2bd3cf255a84ce74f1',0,'2020-01-11 09:21:58'),('47488f78ed4af3eb00ff8eccbe1f0db2df30b9f0d0f88a7b9b4e56aa0e072e1a7affd912c50f6559','babf4884b80b7a135b345cd9466fc407ab4bdabfa06ee60db76f6fe7658179a449dceafb64142efe',0,'2020-01-16 08:19:01'),('4b6754a1aec9561f3eb71fef7b4ff9b006c679b220df0781d28172fe56c75e41afa18b13ddc4c113','1116837a80ef7bd4ba1268265eec86d1ca2396e340aac784745efb3b377d7b0ac771a9c3e7f4f1f2',0,'2020-01-10 10:24:55'),('4bae97965b25f6ae35841f0e37b3e6c9d28dd2cc6cf49ecd84e98d2fa999fb5f737761d6d2b9a7c0','a843d9bf88b035b991a55a00cef413289f9d721a12742e9d8fa39e6d255516a972b8ea8e61d3a91a',0,'2020-01-10 09:47:50'),('518d85202449fa93ac102ed96145786a1b80b874b351d5b6719e6d3d9eb63d12f47b157abd85bca5','a27bf95ff0a8a4ab3f3e9066ac9fc80683bf9d5c4789c0e16e9e918e8ed698809b6a7ab50165f043',0,'2020-01-10 10:14:12'),('51f64e056a2499fb01fe33c8534d3802c76313099ac693746722540d9e0119eae65f03139017b685','4c6e17b95c5d5a065fc8e340cede166047581d0573bfd8b16e919764b8690ca137b98abfb2e47c2d',0,'2020-01-16 08:25:11'),('52932df038f8ec81b5f4d360d9932176c7b4532f28e394233b56ac4a636b7b77ee71281cddd63acc','ffa3e0defb531416107345c8f69285c4810a9f6e3fbe14f2d3ef4912f12385936f84a643f7bc5089',0,'2020-01-10 15:58:00'),('569f723a68790c6bfc89c84445d392c309ad61557de8c7eb7792ac6a6d31f98c4769bad5fe957af3','73bd26a6fc50d428b6306d257013d3e75bcd096862d92da724533c9064b64be85c1bced8d6e6f1a5',0,'2020-01-11 09:41:29'),('5a2f1cd748eadb28159e423c5666850c4c4d55140e110e7d0cb7c9bd4b6bf3fd9df38cf572e850cb','aba34f9f509e66b210cdbc9f0821b8197fcd525ba96603a137a3f8e279a14be023d7db612bd307b8',0,'2020-01-14 09:49:56'),('5a975e5bcc37b51807b6e7cc63f2964f35df3c98b6dd9c81d151b275f0bed215190a5c9c2a4c8420','2b902f9e8aaae3e2b8f51d8f5c3b4e3a74e3fd44e602b4ff493b300ed61dbb1e86d568ff8ff76470',0,'2020-01-11 08:46:36'),('5bd60e12a69d6a7b8a0155edba57a1aae61aecc62145a6d7cb14c57be987e6c9751c9999dc172309','aa74e953ab32e08512e00480401a9d119e99dac2db5d429c521baeb3bc23a9f03200af25b1317183',0,'2020-01-11 09:17:50'),('5e615399609ee279de100157e4955bcddc3beea15822692d260a544d62e4907fe476a72e012c1ae5','aaeee04e126c10264b57a67b475a01e0020fa991724eda01884425694b35ad48b3ea394c590f3e57',0,'2020-01-10 10:27:49'),('60e1cefade13649015f93fbfbf0237e10999b9232e47b44d6463f0f9fa5a58e88dd61ad3fbe53bcc','979a82d007c156c2ce398720bba06ba75e23588cf5e76da28b8d9fb1ab7df622896b123717dd514b',0,'2020-01-10 10:27:30'),('61172be422e9eab4778f2935531578deb5c4ee21be43ac49b77ef2fdb6028e0d0a9aaed9d3806977','380b33f3d8e272d379ef5cf5f3e5bc84aa02a802c42cad2947bc8ad03b4b5624dcedec20ecfe2b8a',0,'2020-01-10 09:33:46'),('6132fd3116788a8fcc3077737e0086f15416a937c930065967743ba87a777c2fba44b16e4c86db18','60cf8586af9667802c690a3df946557d1e2aea56beaf0b98385a8a17e4e2c42a8f67c31915e61d93',0,'2020-01-10 09:55:32'),('618de82cb1a42ed95c2d68436fda6f456123a57b4d756fb7b5177696c0fc325c977fc5df3ad9200a','14cae20076dc6ecac7b851538a0a3fb7080ed5873aac5daf12ba8e5c9779b9e81943ef0eacac1ce6',0,'2020-01-10 09:52:17'),('62fc9ab8ab8e1fba7d066d1308d229dc50e8ff1fa52e857647f46fe96173646a846afa144bf650eb','f9eb4057ba604b6ca72c3c1be691ef2dc8861fddec895debbadac41c90e31fd8617f8a31225410ca',0,'2020-01-14 15:34:10'),('63a943a86bd7348110188b8bc8f218c021eb9a295273e6360ecbf7635427e51d55dfceca41d453c2','46db59c5196f24b23343cccb6e7feb51882c3159efb6f781c008780b9b37de4565df1f1071930c7a',0,'2020-01-16 11:25:54'),('64612e6498a629b80caf5889603959dc63948e442d540a6d7ee057f30a2abf909c230451ff6cabae','326740fbfc8b7a0254581feb4d2daefa51ec0d8d4bdd0104aee03d331097c620fd8824ba752e648f',0,'2020-01-14 15:38:41'),('65dfd22d05625e84b0378bfed9211e3ea71a792f9d184e8ee531a31fdb282cf29248f59fd7dc2148','18ed41136cbbd78c968f8f81719aa302b9863a0d45e5fa31e830c7b96a35bbad9c8d5fd1a921efe6',0,'2020-01-16 08:21:42'),('6725c75cfa98f416185691fb04613e07539ef535b490776829defd75e447c6425b2e2d10ac07baea','3a9098cd64dd550b9c19b3126cc964e1440f5146e4a8d3cdac9becab80c14865d90ff4bbe0c5becc',0,'2020-01-14 10:20:31'),('6e75a313eed07f2ae9c0f57532a6b3e77bfede5b2a94f92ea661a829181cd5606c6b1b71c259b3e0','ab41799bb91fecb09b662ce87b1f041982cb438fa285fa02fc22d3ff8e9a0600b73984fd312ab0e1',0,'2020-01-10 11:00:36'),('6fec8effd81cc15281e75055fa0a96a792c494950aa38725971526170f8d206852153a424194ffca','0028ac96f059377a667ec24c43b98aa5631e27ad7df1f06706ed73f92defd732fbcfaa9f4b00caea',0,'2020-01-10 08:48:30'),('7353dc8dce69b69811cdb9f2b66e79b967577db1e3ec198b7b9ac0cc384042ddcaa00b40b06d8894','fadbbccb3ae94f9dbfbf8a1b93fea8bfd1f43f082aae1b16411d7c289ff8ceebefb7396e3d12cb99',0,'2020-01-11 09:25:52'),('741e9a123cab34b2f5464fc30e41421b4da6909d307eb8cd6349242b8af2f8aea619b28d11c5055e','7b564b58a1508a1f052aeedbe57da776ec56b5d1481b59b54f79c9be4a97a7e1085d47611e4a0edf',0,'2020-01-15 16:40:57'),('74d02955a0ea3725fcb90760e337fe75310818b4c61882c52b4bac2f2b614ec8730f745d24f56cd8','90a52e616616873c480bd2926f0be548d4429be43742c49bd6798cd5064ec935f3b7363903023746',0,'2020-01-14 10:50:16'),('74f777771e6ed919166c8818beca57a49117c56fe30183cec9517729b7ac44c40a767402eb81aa50','99f3c2c6bdd67294ce3c61d43aaa9ecf57518197e4b414dab8e8633a57046a34c1ba1da3d19c7d98',0,'2020-01-16 08:24:51'),('75189159a40664cfec54f50f02a12b633ebff1249048df0752a0e4cd97f9bd19719e6f32873b85d9','0e737b90cc2d57047c6c0e3e8167ce8cbfcd991c5df80515488507339ec3c0e74156506c0e5ebbd8',0,'2020-01-14 09:52:36'),('756b38ef9cfe72dc24268a0633dcd3ffe8d0c5512b00f5b0db0b0e73acd2bbd9c2c25662d52bf34f','265e8b8827658e50b134a757e4ed3c55f03998d72023cdc2ecda39051d1fa31c67efb79308ce3f58',0,'2020-01-10 09:26:41'),('76cd756006207c9b364a6f57737a91e7939006bac102516aad61a3c3ea425a61088b90795310ffb3','27a395338ec5f98d15b8d3aa58808b768d9211405140e79547d6ec78e3003309874ed8e595c2b56a',0,'2020-01-14 15:03:12'),('795916192a8c0f3cadbf79365a7f26e58bc34dd471071c772e9a962a9c08466746587ddb0693a16f','2d0409664821c54b8d68995676a16e21cfbaa5be6da7949931512e9ecda7ef014455504871b35649',0,'2020-01-16 10:33:05'),('7b310a16745e73a7f531d4b53b46bbcc401d5a4eda813c8242a229d810dfb102dd7f701edb0b03af','c0ef9e30169c122aac0ba22447618185a2101fd62900671a633d08f4628ddd19844713f943e67a1d',0,'2020-01-16 10:26:07'),('7b7614f6332658d86287f7045fd92062411f3df65e3c0382bd4d2f1deb817ef1e55c688e625cab10','cd4940353a861ea913ea93d538e75a853aded2bd61357003bf510f4f65d0623fca17737c808de66d',0,'2020-01-10 10:44:08'),('7cefa9c9bb13a784830e2181e8633ac6f1bbd353c24c8a20c5095d939ba68ebeab91e382998eedd9','875e0148d8b6b34bb54820550499ad43461475bdcc37031bd006a799f2e6fb480f34a426b1d3ee5b',0,'2020-01-15 16:43:34'),('7eccc82b6d82cbc8a67f0e1a66359ff88fd9d8f87cfab6af8d33d84b4a2bc33ff85040498f2c0e27','5ca272caf68cf93c3329b4951f66036bee338689ef955f44b38513fe493063ab39ee742507d1648d',0,'2020-01-16 10:43:52'),('7fb044bcab7cd46fb6c81fdc6c7ad62d40638c5a024989818d54fb48ec27dc00978d359af9e45285','d375903d8721ac5ee7682bc7b1a9f4fb837afef2e749a3ef820ffb8e40eb53f03ad8f7eb6d7a12ef',0,'2020-01-14 09:44:12'),('8143c756595cc7daca540f17008be178ea7cd541dac0155c35f76ad827fe39f28924643cdb6195bc','fac4043c37b52aee99bf98ed02f2d61db3c8b4e711cf3079fa13405e91aa90b9ca22288f657b28c1',0,'2020-01-16 10:39:15'),('82a4dcc907998e7caaaf8e81faba8f9cf7a4f8fe81e90908d98de62355e7a3b55cd3a0467f927084','11627547c8e04e8f8cc65851d7ffa0f661c706b65eb5671b289e70acd85127afe859277a805ff657',0,'2020-01-15 16:46:41'),('83713fe80f6332de0218e5946a9b0f5ea679b36f7cbaf427069068a53a6bb11632a86744af812e2c','69be5c33437b7483d4d920ab329ef84727e42c6c58714a605bb96f62e79441feae28103b77beb1e5',0,'2020-01-10 10:55:38'),('8395c73ab7d98a8051acf062979c81308c37d4d278f729db656c85ff0f616b8653671b8c53bd6a2d','dec83585d21feb1bb0cbb4b0dd44362613f96c4a301c0936579c3fa086486fe1876e59af3f16803d',0,'2020-01-14 15:38:18'),('849c9330fe99e94176d6fc7e7d678c43a78ab0e29e33517522f86495aa4bac9c230d3e7fe690f0d0','695e474a65486854c0067c014c70cc0176cc24a9ffb2438795930e4c1c9ead9c085115464397299d',0,'2020-01-10 09:38:42'),('8549e632698b2a47a619c123f51971ae6631ed806a4dafafc0bcd2016034f2eb75d055705568691e','56076e01c585d014cb0b22efa10453b29ef6fb23a013c62968708dca22947d05d7bf24f51af81ec1',0,'2020-01-14 10:14:41'),('8606bf4ce185887e8af4f3ae2d680f2a057fbe1eb237b752826b73896866ef9372dab3b1714bfb24','3d1257d104a6b1ec665c8d8e6cde3cc5327294974873a1b305bfb2e501031af240e17a6f9d5b7c66',0,'2020-01-16 11:25:18'),('87e26b53d7ce70157fd1f2fe15994242c86ac1960f97a65b66a4e064067512607d7e276c4f412b87','943ce60fd4be07ba18b071177b23c7ff7f5692e4a68addaa5f3fa32999b43bea54e003570761032c',0,'2020-01-16 08:22:12'),('88fc36e6de704a877061b49843ff3b22ffbd53156dc962aec84da9e8dbe1e448f4b4d90c69355cb9','e657841be1c14a7d959948c94edd5f48e2a16256af83d677b72a8437df730d08667be9c88b426aaa',0,'2020-01-16 11:26:11'),('895e8024f583f10a0a92463e33a88d57dea504af97069454eedcbe736a0164eecac01509480361da','a73bbfb86bfe2f507a46cd5d121d83696fcf5caa87bc2c701ca86e65b473aca0e9ec21c609ca9ced',0,'2020-01-10 10:43:34'),('8cc025e4bcc9707c4c1ef0a91c106aeab776c2320e22bb1056050ef50624219916e4d68b6e143d21','a9985ba38481494a50c0f155608ef988fcaf0ffeff36d099a0ee625f94d616ab8fabc1a1712a036b',0,'2020-01-10 10:31:02'),('8f0a7b69fa5b242863a7c175958de9e9f0cbb3ee0188e2c9e7e89d88d69e6809f2aa018437d3ec4c','42f1acee16eaa12cd66603a0a176978b11772f693fb7bc6eb24d82b4785dc4a5212a4e87f86df4f4',0,'2020-01-10 13:52:38'),('901ba7b41bf3951287f7bf7bcb30fbb8b29269e5bcb245850e4c2fbda84ae09286c25dd3f29dc0f0','728e4a2db70d60646099e42ce5e3c010c07d62bf9df2a6abd3511937e29c973a552cfccde939f93d',0,'2020-01-15 16:34:26'),('91053b8d56726e6bab64f8e3a964c934f5885dde529b308fcd02924bb9ba925e515502b77055191d','f209e3decfbf277df7c155fc5049d4b517ded70350705c56fbe38122c38eb0edd5d3c4f15c5908bf',0,'2020-01-16 08:24:52'),('91e2d27e337eb16eafc94fdb303235646f2e5948e94148ef0a45eb924e1c68e85756da1038126485','418612e629876424c545865a2c86444f30015a4d16b7d142bcfd4a973b827a7e468c6946fff80c0c',0,'2020-01-16 08:05:41'),('9402226bb48f16c0f2cf19d68c171e65927b089b94bbd9c9e3b1578cbcde5219948ca82ab51b3572','4fe8b66327d0ba2d5298c28598472edab35f6f480fe11ced810d11c8cdc01a10c8d2e96c10664f74',0,'2020-01-16 08:15:46'),('9409361944ac84216443131fba76f7028000895d82096895172abf243cec39ef53f4475c7263939a','2d613e756374b08db9ea0fa04acc03be47ad743aea6d5026f4271188ea4bdbb5220e421bc91e4eed',0,'2020-01-10 10:30:37'),('94f73ac5fa2a12d3c2b0e85fb66b8f7937895039e2e33b9e114c108c38eb9952649f3cd74a0cce46','1cbfaa379cd4c02bfffe4b54914c688e418cbe7e8aef84058ba9043891b880d3b4f37ad1aa0f7cd3',0,'2020-01-16 11:29:11'),('967b915093a9bf7ec0ce4781f0ebaa54d49647e51dd017dd29cb5b6ad34c93bb5eb5c1846488489f','59c4bc0d43fe8c20f892ee0161eb4bf10cb5fd999dafabfea363c6c5234bff4d725ef7f95be4819a',0,'2020-01-10 10:50:35'),('96a975ffec8e33829a596d99e343b0347b715ba8d378e793c3e5730eb9aaf62cba1b5da167c96cab','5f5c1f1364bf49056ceaf71e165949e869f947c1092ae1c9a5a54e273e2b4ce48fb4d41e6754c1d0',0,'2020-01-11 08:56:11'),('97642ce469dbe1dde57616f3ebc4d6e16f65991e16bb4fe02782294e90f778b602d4ed667dd230c4','35c3ae633b5b509cabc67ec5ec61f383079bb02b0058f69bf4f8e827d59c47dfc9caf833056d9299',0,'2020-01-16 11:22:31'),('980262aa28aebdc208f096133ddd97f18d7fc3ccf31bf90d34f54a72bf9843c3bf411ce46e259e2c','87a2c417177771d5cf62f0d1883f797e60a7b346a7525cbb161c020a268418033f26296a9e3c7098',0,'2020-01-14 10:50:50'),('981a77c647cd90d9c80a9daefd3043f4679b2a1cbd289ac9074acac0623e96157f18e5e1730d4079','1350600bab2d5e04d848c7adfb74f262a8d79921bf1e1bb0e2ffc33360c96b6abd5fbc3e3ee3b6b8',0,'2020-01-10 10:14:00'),('9c11d300b1b60dcd63b8276082a05c0fdbe9591261b50fe9eded8453639ca1c23cc6cbfe14c4864a','b53a22ba6c33c9f68e993620e1935e94f06210a5e243a8cfa34757b0fc0e28a296583e23113ad671',0,'2020-01-14 14:17:31'),('9c4fbe39a0318a1512c92a92db40570ef2f0a0c63522822be58bc6edbc6d4e3528736bb74834d59d','a855671735083e3203c460a6e97fc8fb9c045915ddb58e8c6372e9388784b6fa30b36bd13085f84c',0,'2020-01-10 10:54:47'),('9ce2f853b715b3d48f25a8581f11b9f13c24bcb14429c4cd7cac963a7c8f48f798bc382fdcc1abe1','ffdd8b201da1b6f6ce5d877465d08e2bca79011a28024ae5036da4e318ba63749a417d52c7c945a1',0,'2020-01-16 11:23:39'),('9f17e8a50e3efb42bf5a16e17669a6628c9cec92e049fbf369eb106671ef8100794d8b35bb4edeb5','ee525eada3fab19aab54f8fae95fe8ec4b8e3b6efaa1d2dafa52a92a9abc8cdf7e1628183653b64f',0,'2020-01-10 09:55:04'),('a4539f49f978d050e8695a2cea1989ee0da6a1399ba697cd2e7ea7c297a720e0593115397ac5aa33','3c6a9112382063625bea987bdb10959aec7b6b4cc31e7c4ba40951879a46f800914b7eda82415e8a',0,'2020-01-10 09:47:36'),('a9537eb2b7be595248a771df909f3f913dab6a13d72cbdfa43f2fe26758b8719b585d8ee6e060ab2','b408ad84ed9bf33bc90b2d112a2e49541a1f45d76acc165f88af953ba89bee4094f945579806a2ea',0,'2020-01-11 08:48:13'),('aac308762c99cf7cb39a92fb261df3c831871684aba7afd1b3581fd44d2443e92575561a7b610be8','0c913b35618f1e682355e67420a782f284d0cb7a8bdd4684befafa6fcad83564ac0f577dd3c5ffb4',0,'2020-01-16 08:15:36'),('ac817d10e511c3bf60560017d65d5b4a911687e875c9226c267d5ee6a2a0e7e908baf0b383321ac4','12d626338c4f33da69e1733a00d117c64f404093e1464d8c20545846fc26654410f121ee5d04f152',0,'2020-01-11 09:16:25'),('ae97388b0829618a3d73739fda9f1f893fcd7584175f603d1e30228a5d243f593d3fe8483408a022','51ddbc1d2126951ab58f6e8a316e255d2aaaa4b0dc0eacc8acd8edcfe0dfb9fdb28c49613c85e196',0,'2020-01-14 10:45:50'),('b3251e8f57f290060b4fa88df2f79b7439dacaba781ca284db5023f31bfd56b1a501ccacca27e33c','551fd52fa4e27fefd74e6b79d74f46e06352a33a033e301cc056b2a21fe6bc569c21d889073cd559',0,'2020-01-16 09:31:55'),('b44061066b3b52b7198c39bfa2616f95613bd48503a70982846c5814150ae9e69db109b63ee2e7af','03f983f09cff065d06181f3914907b2702062d2e2d5b2a55b10b1ecfd57c9db36b06756da3bdbd38',0,'2020-01-10 10:48:09'),('b4e526df4dde838067f5bcd74a65bdaa8aa99053b5f71fcaab3df10d507031de3c402ae56b36e589','a853110f7c4a00de297e2284965a83089e8103e9f64382752084313fd812d6393f5a1cae3431da5b',0,'2020-01-16 10:40:36'),('b4f7e6e3310977d82e31ff96d199c2fe207cc660cce54baa5e8c6f7ae347307d05768ad13c5ba33c','c06c1bebddf8195411d4590ccd77093a1413b33cc6209fd3daa9056cb5546f3831d3354ea8ee29f7',0,'2020-01-16 08:24:10'),('b52967043832f433d7f439f5fc6a4fd50f806e84154ff016532f8640f80f6b983bfed85674c0f245','c9ed2aae673e0f74a3fc51d5965a858afbee7ab203df5c83edaea0333b990745c339431b81ae24c2',0,'2020-01-11 09:02:38'),('b674af535bad4ad881a9b50f0ffdb81234b3022fa97c177e53b8403db04b047ce810e1a7c48f6923','8dbf002f1053997fd43d5f533406f73506e3b0b4b479068c537db7f4aca87a6bd5868f93d5391421',0,'2020-01-11 09:17:35'),('b72ef18939821ecfc16fb31d9c58650266f32146a0a380b20e581c92f198932f8bd6109417c5d91c','2bfcc7a313840e6f6955462f5d343c6b1224daa27d8049b09c23b7454fa70e2471d9b09d415b488f',0,'2020-01-11 08:40:33'),('b838ee400e7cebfa567e575098df1e3c80d85c219d5cc707f693317f71bfd7b88bd400408e293846','f99c42b133db9ef5dd432dea81267d460a9b10ad027556174a2a006134c980d6a7365f497329a8e8',0,'2020-01-11 09:25:47'),('b95507dc1dc0a190f625cf09947360f16747caf026f10cc4272d8bc9a95c2cc437c2efc87a194652','754e45a0d13b0c0200f7bd654baeabc41c2f0c4b07f5130c8503abcd3c96fb6b3c963de02a71b3ea',0,'2020-01-10 09:35:37'),('b9b5ed66a8237864e42e38cadf1a94f20b75e6cb63c5f7749c336b547ad9f56e6be7e4a16992f9ce','d19dc550c0e58d4c5584c3b1354779ce9973bd7774e5d0694c28274eed2c10ceba449e0a22f62394',0,'2020-01-16 10:43:02'),('b9fc8ca6b643f166731055118a49df44bbf233cc8c20d6c1222f64f40db871a268e952ad9a8b9d11','55a720e137928dd4ade71b2803dbeb4e4145e043e1634815f341dd9f53085ccc33c9cd686253a991',0,'2020-01-10 08:59:09'),('ba158b5ac31ce9bfcd83b556177cbbfb42e3f07249c1ee3af63febc064de1e3e280ece4ab0fdc829','bd03d4b938c45abe471c82ba45e566d9bb55e383b3513817f7d76a00023fc70d716dbcb92617ade5',0,'2020-01-16 10:43:36'),('bc3cd66af7c6725ff75194c3c3dbb50feb3b6ebe672b0ed7240dc02758c746c4ab025300e5478094','7b5761d39176ccb3796481be7c0c5a821ede3dff0414bcc57ebbcb8231a5a2fa897821614278abdc',0,'2020-01-10 10:26:41'),('bd7c0e52615bff2513c08e1c5f8b5ac5391aa91591422760926da80ce682fbfdd913ae4eeb29d941','441ff9fc04f25bff97430f752fbc8d8ba9f5f69cea319654870f0aaa6de0d0cfe211cda365765bd1',0,'2020-01-10 09:33:19'),('bdb7b5745d2e3fa3ad71b45dc6b5d2d71382abd38be07dacc14ac96ebb3d67c972baf2f1a58af108','dc8acf14349bcf863d9326b7c8413587961cbaf962c574d9fd36d769e34772c6a101b1be9571c6b3',0,'2020-01-10 10:44:27'),('be5d930d9ced09643a19936fbc5292d16ea687c9983dc75f31e9b515fc35888636ea2773f152051b','eb3dd4643a8467c8ebc17ad152e43e939e684fb5b627bf08a4519033c851bc3a4cd7842af647d1c0',0,'2020-01-11 09:17:10'),('c0c80afcaa46df405c4047c331535ced56ccb4c42291f54cce425ff0cd4415c83c7676d2f7b7b506','9c6f9b27286d0d7216fbded26f88d4914c8e7f9e0c1b1ec75070119b6afe7f06b0d599206bf947e6',0,'2020-01-16 09:57:06'),('c13e0d77943aa87cc130091fa5c2c68edd9e35e531aec67beb18ae48c03e7a123542cdc75bdeedc9','f56b800fce394d6e2c7a5658da7d5cb4a9505e80ad444b34794accabed599c0bee1a9c17ac629a64',0,'2020-01-14 10:13:09'),('c3ea7f63fe2a124516394d418f672cbc6a87c13ffa0442e0c54ef80ec77c46717f7846ed19242c1c','fb291969dc466346e4d2d7db06dcb0338c0aa5bf3675c4bc15d91b530d9851487a9fc129fb63031d',0,'2020-01-16 09:37:13'),('c526ffa30e50c1ee0aae177d1c66512c95b4d291536d7157bd6309fd185533daa749c5e4ada3d9b9','188f00b6da0da8e06e493e14ecf710b41e6d627e06dc218777e2764cef43dc8da1e22ecba72b68b8',0,'2020-01-11 08:50:04'),('c54e94350b67634792a1bc9aa2729474adc3b4ff8f1cb11172af3af96345d07e9c504c761a383e09','775d90043b637d5bbba75fa79ae6c272493283b715733486ae0754a7f3a1e83355b35f00c946282f',0,'2020-01-11 09:29:17'),('c58f3e07d93c51008e966d9cb3dad6678866c12d1b062b417612c17dffc6dc0b385b9621b0ee44e6','4d4630a55d099a487e863bfa49206cc230cdf98d25b797b0fd8343386b798b4fe8ea512d19b13a3f',0,'2020-01-14 14:16:04'),('c6f42eb5b1955292bf3e5af7e9fea744727395b5b17e71f8b4c492afaf7d804a180c3c4c7512b892','cfe34712524366efd28a91ca1571c2a033e1d36db4e3eff809cee107b60c4bef605068723798cbc7',0,'2020-01-16 11:02:25'),('c758cc57fbdb59b13439a31956e1057b8b97fa33a8ef569f3da36b8e17dd19cdaa4f224535562e4b','d70275efb1d9fea55b774b4f3e4e6a49c6650a8f21096439263c523985f1e3321e252282823b6990',0,'2020-01-11 08:48:06'),('c85552dc9738967199f0ac69f2ab0809fb249423aa050b283cf20828eb2242c9bea65b881977004b','5b9bba73d651212d88cabf98316e93886021fcf619ee98bf817038d32346bb898407ff5ca2a64fff',0,'2020-01-10 10:52:39'),('c883d0111455fcdf33a200e44701a070526476a63ec4062bbe430185878a5817ae008dcadff6fa26','9a98174a7d06b871f41162c92c23a951effaa70eeeed2e22d3812fb83e5bbd40236382f9c008f974',0,'2020-01-16 11:24:31'),('ca8acb2b10d060066605cc257a741b2bcc2799270fa89a5eaedb74e582e747eb562935f0705f4194','a50c9591d380418f56884dc0e85e68d5257a0a6b8ad457b021279105bab537c42b0c64cc79b2b84f',0,'2020-01-16 11:06:37'),('cadc8f5ad48aba75d2c29d9ee9834476d978ba144fe325878b016e13b66c43da6bcf56a4ddb67170','df847e67f7b7904821809a561300c655b96ec130165347b7a0fdbf8dc5679d24c3c2e0506594e684',0,'2020-01-11 09:27:09'),('cb7d1ddb2442aa43a88533c11d98ae8832c820a437c9b3646bdc086595e235cae0bd9a26148c0f33','d50a9ed7a83e32b905001d3432c69e5e9403acebfc83f2b3ac0007317977e1ca43ac9140470c849c',0,'2020-01-16 09:46:05'),('cc8682b3ee4a17c3c4929fa24392d04d6514aac4878dbf60076d836c8d8bfbe7df02b3972c129188','72ea02b9de3711894450a6be22fa24f4ada5c2208f1dfa5aac80ede68a904e93a9891b12181bd625',0,'2020-01-10 10:28:14'),('cfb3e6ef09fcf4c0fe7a7996e984a1c183fdd9def1f9c908ce4416bcd11fadabee19b1b04a4e9237','47af354115e41eea792bbfe65f0c343e1227e5fba0c6c616807c5377f04652bf09416090b77720e3',0,'2020-01-16 09:35:59'),('d6d74db4e87f3e6eddcfcc6594f8a067b337eae0460b7b5c49c3cc1f194df122db2041591d7a15bc','a6c3a9ecf152591e17c17cf80cdb9824148f82b96c11466e21be505fa27b97378f1f7e48175f9637',0,'2020-01-16 10:41:47'),('d8096b0ae7fcab44a134301d3739ee3d555db3f2127fe0b9c400f2a74b7cd1291dc4d52a131ebe5e','ca3edcc91b9c29a3c0e6c1b3cc71df04ef43a3c7b9ab5059087871cfe943af4bd5ce475e1ff2f7d5',0,'2020-01-11 09:28:40'),('d906828186d4b3c84de584cf4d47f4193bc8b1868bd3e4dd820039ca6f2470c15a9e12d0ca78d2cf','27d5951ee030d8c8ed8cb2cae2016a38008bb2690dfd67a66857981c130cb9f7b863d5625623d887',0,'2020-01-10 10:25:40'),('da7e645461bfa0ba34328ca671e8c01f4d2b1c929dcc00ced9ca4423febe6032d70cb48319d59ecd','f6d19341eededb05ca022c841b9cee7a0f7b4dc5fcf9bcc778d4c58e3baa8fe75e2a476f0fa73826',0,'2020-01-16 11:01:43'),('dae77c902d357868bbbcdaaa552ab914c1b145e4e34010c70a798b5da36f4bcbf2a05a01dca80844','0855909de2e8914862107d280f0dec76697025a0acba7e20d78863194ab0d9ee2860f50a3db4b896',0,'2020-01-10 10:47:21'),('dba1133885167470ec6d270a7815ed1a82f0fec73c0454efffe7cbab2406c63bbbe805f1a07f5a4f','d468fe8895fac300ac121c7b26ff20ce4f2b568bbc92a71f21326a4e0cb1bf3b9d186c6ef3ca81fe',0,'2020-01-15 16:30:37'),('deb46bf5fa5fd491c8e8deb08afdf2d89405eca72a7c04119082e19ce12b6c6fa72d9be473d26090','bc403f51e2d3d01caf3ed654722d8c15ba25caa3b565466874592c78be2ab9c04d9a8f414da29c73',0,'2020-01-14 09:48:31'),('df9473795966e9e6d0a6bcf0a838fed3da4a3ead8735505808d4658bb9cdebf7e1f72fe4cbed9494','2d199bd46a82ce136e6c42df61a2362019dda5ffff10d173aee3dfeeff07d532ee1f7f6bbcff0d98',0,'2020-01-10 13:56:53'),('e172faf3b37487af4bd94808fc62cbf50d7d894d30ccb8a58f8b4cf5ec5bd94a28fdc76ab82ef86b','35a9da9803adb0f08db3ef1d1c1df131541c3b44c9fac333fe6931b2798c321f821f0568b38efd93',0,'2020-01-10 09:58:53'),('e5ae675255c1a8a71e28d5a9414671182c72c72d48f2b36afef0eee3a120eb3f47285c5748f5f067','11b1e20bd66b25f3a14a6de6b53396fc0d0c190037fa52b8f621b4a9a7e3f283582e8cb1d63359e7',0,'2020-01-10 10:57:28'),('e636b517aaba62f57f0b2aa740ccbdd54fe0121e230fe20d2636bd0639f2b9d22dd7b5a59989b0a1','b30cc0adafc5c6c8761360fdbc41bf68521d63a00f58abf802c0dca273f01eabc81c8b042f4486d3',0,'2020-01-15 16:43:37'),('e79f8fdab419348c437ae39331db4cfacf5ac559a7c3a51c543b4dd0e9f30aca669885981b8e339d','df4e94f70081d758302941d36c52d4f48dca65b542e63e7e88da8836426be0bbe17d55d1c9f317bd',0,'2020-01-14 09:48:38'),('e7f6ad4d1247af80493a038f095c3a69405a4bfb066ef536971fd10aa63b758d261a9a441ce925f2','42a666cf0b3b3528a584abed1d2cdb4cc364736e23338b91168a66db3c312dccf2699c0b05a35527',0,'2020-01-10 10:23:19'),('e9de57c0aacd56959acdb953ce657c71e4a963a5defff52d9999458d28e697dcae6942de64a9045d','b6aa81ee7f15967bbccf1d48b28641e9d0aa88b7affb239e298088a1a2625ae344035d9cf2fc4742',0,'2020-01-10 09:59:59'),('eaae7bdc5158bb0bcb571e049edfebf4ea9532730fda83f10e24b49d8de701510af8ac78ce16eab9','004b5276211991fe33110e1048e7cdeb216621307438a623ac4124f58c7bb52de0b81ff1475ff4c7',0,'2020-01-14 09:49:20'),('eaeaae6994acb0a63113328cf7e57860f2882f2c41fa6ee7cce25ef1a5c5cee84484e375ee64f1b2','4c5916eb8338f1d1153efe49213f2c98c2d8c1eb81de45edbf41649bd6519269e1d12151f71b0ad5',0,'2020-01-10 08:59:31'),('edbb8db49b29eecc1d8647be49033c9c3362a06ad80bc45fd5cd57f8d1c5b4b9b2beaef8285ef96e','7091fda303c8ac4eedfd9c994e5c549f15b886f876207586ce4c2e0a15b2c4826772d172d121437f',0,'2020-01-11 09:22:16'),('ee6707912685ee3ec21d90eac31f5de0fc8542b8d18a0c973eeb658135d7b4aee642ef13f933cb35','73b4dc0324b49b4b7fd2cd85ab9325d301b1d50be831564c4a301979e8e03b913455a3f5416f7459',0,'2020-01-16 10:55:58'),('eedc663819813a7b1b68334c5beee203fc0959348e85c5c2618ba4dfe1039c7d05fe9bf220e3c9c8','a83075e9074a99330ccd06be89857a06de78145c1b30f94cb1905d4b2c1675e0f348fd76bad7a7a3',0,'2020-01-09 15:23:03'),('efa15e491c8d8fc093ca3a385b8975b0e9dcc7f43588edb70ddecb60738314df355c48dea0f07e59','412ae2ffabd53a29f28f78c04f79c156543d0eb9eb1592b9f59491289891ae196c11dbfd9ed4d0ea',0,'2020-01-11 09:20:02'),('eff5dc9827ad386bce523b25bf1119c5a77a0c65639ff91812396d1fe60cbd6c5e6eb701406f3e98','f537739708ab4b4ebeb016260d2e0258022cf56a5c4f872d1f79c28730a4f8fc20285a38ac7016d7',0,'2020-01-11 09:05:06'),('f095a30b137f43ad26df3efc0b1d82e2a03d86e3181ee4721a69263079b15de6ddcdd18a7bff178a','da8e497d604029167af0f746e7f416e2e19e69f91c2b0de4a9a5252d48da76b4934dec373f62229f',0,'2020-01-14 09:48:27'),('f17697edb7f0d94dd0d6a02c203524fdff641fb7af08fbaf8b0693fca59c596946c2990bc61f5c2d','b351eb2ba741d69058bffc2e2ba89247b778839f1321f992ff70fbd981486214732bc757ba601a9b',0,'2020-01-16 11:24:24'),('f3fc8fcb873b87b56850372c36356fa4e1972d4e46f0a1ebbd8b051ef718f06a78fbcaa6c245a310','c26655e2f804351010ba500141160e061cba766575066de095ee688d8d427e06a7c4578d2abd724f',0,'2020-01-14 09:43:14'),('f53bf62ffa7257a4778c199946a385594839455298addedb3d528289363581667c7fdd755d28ea89','c30dff26f4882b6c421142d6b1a401f92d1a711110ed5a21c05396d9daacd55751e25c5ad44205e3',0,'2020-01-10 10:53:56'),('f72d1c47ba0f58619b0627f087840dd848a7d6e9c1736a4bfd40ee8c2f7730fe6b4ccde0597d0f07','2a6c310335186bba1e8471febed4618db28947d2b0672c2dd2352506d17b4bff04e8484ae30e1dac',0,'2020-01-14 10:18:13'),('fd31893c2217f2939ab78efe44d50b84b85235fd5a76f5c6b898c455f2c92df6621c1690649626aa','4fa782030229b7578bd46ffbef5c1dc9abfc498c1f6a8024cf688080420f5e9d1c192ea0de48f38d',0,'2020-01-16 10:25:38'),('fd89c3cf3f41ef092a287fda49bb53420360a1ffa2262644ee3ff9ccbe2aa450d260c74206f109a0','dd246b942aa2b7c8695f5a0ca1b3f5d6e8fbe5bc9224559d1f0fd64648973c54c36757ef11e36a1e',0,'2020-01-10 10:44:45');
/*!40000 ALTER TABLE `oauth_refresh_tokens` ENABLE KEYS */;
UNLOCK TABLES;

--
-- Table structure for table `options`
--

DROP TABLE IF EXISTS `options`;
/*!40101 SET @saved_cs_client     = @@character_set_client */;
/*!40101 SET character_set_client = utf8 */;
CREATE TABLE `options` (
  `id` int(10) unsigned NOT NULL AUTO_INCREMENT,
  `created_at` timestamp NULL DEFAULT NULL,
  `updated_at` timestamp NULL DEFAULT NULL,
  `name` varchar(255) COLLATE utf8mb4_unicode_ci NOT NULL,
  PRIMARY KEY (`id`)
) ENGINE=InnoDB AUTO_INCREMENT=4 DEFAULT CHARSET=utf8mb4 COLLATE=utf8mb4_unicode_ci;
/*!40101 SET character_set_client = @saved_cs_client */;

--
-- Dumping data for table `options`
--

LOCK TABLES `options` WRITE;
/*!40000 ALTER TABLE `options` DISABLE KEYS */;
INSERT INTO `options` VALUES (1,'2019-01-09 15:50:49','2019-01-09 15:50:49','time'),(2,'2019-01-10 08:42:33','2019-01-10 08:42:33','modules'),(3,'2019-01-15 09:49:13','2019-01-15 09:49:13','errors');
/*!40000 ALTER TABLE `options` ENABLE KEYS */;
UNLOCK TABLES;

--
-- Table structure for table `password_resets`
--

DROP TABLE IF EXISTS `password_resets`;
/*!40101 SET @saved_cs_client     = @@character_set_client */;
/*!40101 SET character_set_client = utf8 */;
CREATE TABLE `password_resets` (
  `email` varchar(255) COLLATE utf8mb4_unicode_ci NOT NULL,
  `token` varchar(255) COLLATE utf8mb4_unicode_ci NOT NULL,
  `created_at` timestamp NULL DEFAULT NULL,
  KEY `password_resets_email_index` (`email`)
) ENGINE=InnoDB DEFAULT CHARSET=utf8mb4 COLLATE=utf8mb4_unicode_ci;
/*!40101 SET character_set_client = @saved_cs_client */;

--
-- Dumping data for table `password_resets`
--

LOCK TABLES `password_resets` WRITE;
/*!40000 ALTER TABLE `password_resets` DISABLE KEYS */;
/*!40000 ALTER TABLE `password_resets` ENABLE KEYS */;
UNLOCK TABLES;

--
-- Table structure for table `rule_sets`
--

DROP TABLE IF EXISTS `rule_sets`;
/*!40101 SET @saved_cs_client     = @@character_set_client */;
/*!40101 SET character_set_client = utf8 */;
CREATE TABLE `rule_sets` (
  `id` int(10) unsigned NOT NULL AUTO_INCREMENT,
  `created_at` timestamp NULL DEFAULT NULL,
  `updated_at` timestamp NULL DEFAULT NULL,
  `combination` int(11) NOT NULL,
  PRIMARY KEY (`id`)
) ENGINE=InnoDB AUTO_INCREMENT=18 DEFAULT CHARSET=utf8mb4 COLLATE=utf8mb4_unicode_ci;
/*!40101 SET character_set_client = @saved_cs_client */;

--
-- Dumping data for table `rule_sets`
--

LOCK TABLES `rule_sets` WRITE;
/*!40000 ALTER TABLE `rule_sets` DISABLE KEYS */;
INSERT INTO `rule_sets` VALUES (1,'2019-01-09 13:57:29','2019-01-09 13:57:29',13),(5,NULL,NULL,2),(6,NULL,NULL,5),(7,NULL,NULL,14),(8,'2019-01-15 08:33:32','2019-01-15 08:33:32',6),(9,'2019-01-15 08:34:16','2019-01-15 08:34:16',8),(11,'2019-01-15 09:15:24','2019-01-15 09:15:24',4),(12,'2019-01-15 09:15:49','2019-01-15 09:15:49',1),(13,'2019-01-15 09:16:19','2019-01-15 09:16:19',3),(14,'2019-01-15 09:16:41','2019-01-15 09:16:41',7),(15,'2019-01-15 09:17:02','2019-01-15 09:17:02',9),(16,'2019-01-15 09:17:24','2019-01-15 09:17:24',10),(17,'2019-01-15 09:17:41','2019-01-15 09:17:41',11);
/*!40000 ALTER TABLE `rule_sets` ENABLE KEYS */;
UNLOCK TABLES;

--
-- Table structure for table `solutions`
--

DROP TABLE IF EXISTS `solutions`;
/*!40101 SET @saved_cs_client     = @@character_set_client */;
/*!40101 SET character_set_client = utf8 */;
CREATE TABLE `solutions` (
  `id` int(10) unsigned NOT NULL AUTO_INCREMENT,
  `created_at` timestamp NULL DEFAULT NULL,
  `updated_at` timestamp NULL DEFAULT NULL,
  `response` int(11) NOT NULL,
  PRIMARY KEY (`id`)
) ENGINE=InnoDB AUTO_INCREMENT=7 DEFAULT CHARSET=utf8mb4 COLLATE=utf8mb4_unicode_ci;
/*!40101 SET character_set_client = @saved_cs_client */;

--
-- Dumping data for table `solutions`
--

LOCK TABLES `solutions` WRITE;
/*!40000 ALTER TABLE `solutions` DISABLE KEYS */;
INSERT INTO `solutions` VALUES (1,'2019-01-09 13:57:00','2019-01-09 13:57:00',1),(2,'2019-01-10 10:26:52','2019-01-10 10:26:52',0),(3,'2019-01-15 08:32:38','2019-01-15 08:32:38',1),(4,'2019-01-15 08:32:39','2019-01-15 08:32:39',0),(5,'2019-01-15 08:32:42','2019-01-15 08:32:42',1),(6,'2019-01-15 08:32:44','2019-01-15 08:32:44',0);
/*!40000 ALTER TABLE `solutions` ENABLE KEYS */;
UNLOCK TABLES;

--
-- Table structure for table `users`
--

DROP TABLE IF EXISTS `users`;
/*!40101 SET @saved_cs_client     = @@character_set_client */;
/*!40101 SET character_set_client = utf8 */;
CREATE TABLE `users` (
  `id` int(10) unsigned NOT NULL AUTO_INCREMENT,
  `name` varchar(255) COLLATE utf8mb4_unicode_ci NOT NULL,
  `email` varchar(255) COLLATE utf8mb4_unicode_ci NOT NULL,
  `email_verified_at` timestamp NULL DEFAULT NULL,
  `password` varchar(255) COLLATE utf8mb4_unicode_ci NOT NULL,
  `remember_token` varchar(100) COLLATE utf8mb4_unicode_ci DEFAULT NULL,
  `created_at` timestamp NULL DEFAULT NULL,
  `updated_at` timestamp NULL DEFAULT NULL,
  PRIMARY KEY (`id`),
  UNIQUE KEY `users_email_unique` (`email`)
) ENGINE=InnoDB AUTO_INCREMENT=2 DEFAULT CHARSET=utf8mb4 COLLATE=utf8mb4_unicode_ci;
/*!40101 SET character_set_client = @saved_cs_client */;

--
-- Dumping data for table `users`
--

LOCK TABLES `users` WRITE;
/*!40000 ALTER TABLE `users` DISABLE KEYS */;
INSERT INTO `users` VALUES (1,'admin','admin@admin.com',NULL,'$2y$10$xrPP3hzJKi204GyNlKpLyuKO9vProXaFrkekV.tLCLZy6s5cc36nC','xo0JYn2CBT9LsViym6LxXpKvF66Zb9KqJLbSPh4l0igNrUOnAWJpEZC5qrhx','2019-01-09 15:22:22','2019-01-09 15:22:22');
/*!40000 ALTER TABLE `users` ENABLE KEYS */;
UNLOCK TABLES;
/*!40103 SET TIME_ZONE=@OLD_TIME_ZONE */;

/*!40101 SET SQL_MODE=@OLD_SQL_MODE */;
/*!40014 SET FOREIGN_KEY_CHECKS=@OLD_FOREIGN_KEY_CHECKS */;
/*!40014 SET UNIQUE_CHECKS=@OLD_UNIQUE_CHECKS */;
/*!40101 SET CHARACTER_SET_CLIENT=@OLD_CHARACTER_SET_CLIENT */;
/*!40101 SET CHARACTER_SET_RESULTS=@OLD_CHARACTER_SET_RESULTS */;
/*!40101 SET COLLATION_CONNECTION=@OLD_COLLATION_CONNECTION */;
/*!40111 SET SQL_NOTES=@OLD_SQL_NOTES */;

-- Dump completed on 2019-01-16 13:16:22
